code	producer_version_id	lc	product_name_de	product_name_en	product_name_es	product_name_fi	product_name_fr	product_name_hu	product_name_it	product_name_nb	product_name_pl	product_name_ru	product_name_se	product_name_sv	abbreviated_product_name_fr	generic_name_de	generic_name_en	generic_name_fr	generic_name_nl	generic_name_sv	quantity	serving_size	packaging	packaging_tags	brands	brands_tags	brand_owner	categories	categories_tags	labels	labels_tags	countries	countries_tags	stores	stores_tags	obsolete	obsolete_since_date	origins	origins_tags	origin_it	origin_sv	manufacturing_places	manufacturing_places_tags	emb_codes	emb_codes_tags	ingredients_text_de	ingredients_text_en	ingredients_text_es	ingredients_text_fi	ingredients_text_fr	ingredients_text_it	ingredients_text_nb	ingredients_text_nl	ingredients_text_pl	ingredients_text_sv	allergens	allergens_tags	traces	traces_tags	no_nutrition_data	nutrition_data_per	nutrition_data_prepared_per	energy-kj_value	energy-kj_unit	energy-kj_prepared_value	energy-kj_prepared_unit	energy-kcal_value	energy-kcal_unit	energy-kcal_prepared_value	energy-kcal_prepared_unit	fat_value	fat_unit	fat_prepared_value	fat_prepared_unit	saturated-fat_value	saturated-fat_unit	saturated-fat_prepared_value	saturated-fat_prepared_unit	carbohydrates_value	carbohydrates_unit	carbohydrates_prepared_value	carbohydrates_prepared_unit	sugars_value	sugars_unit	sugars_prepared_value	sugars_prepared_unit	fiber_value	fiber_unit	fiber_prepared_value	fiber_prepared_unit	proteins_value	proteins_unit	proteins_prepared_value	proteins_prepared_unit	salt_value	salt_unit	salt_prepared_value	salt_prepared_unit	sodium_value	sodium_unit	sodium_prepared_value	sodium_prepared_unit	alcohol_value	alcohol_unit	energy_value	energy_unit	energy_prepared_value	energy_prepared_unit	monounsaturated-fat_value	monounsaturated-fat_unit	polyunsaturated-fat_value	polyunsaturated-fat_unit	trans-fat_value	trans-fat_unit	cholesterol_value	cholesterol_unit	vitamin-a_value	vitamin-a_unit	vitamin-c_value	vitamin-c_unit	potassium_value	potassium_unit	calcium_value	calcium_unit	iron_value	iron_unit	fruits-vegetables-nuts_value	fruits-vegetables-nuts_unit	packaging_1_number_of_units	packaging_1_shape	packaging_1_material	packaging_1_recycling	packaging_1_quantity_per_unit	packaging_2_shape	packaging_2_material	packaging_2_recycling	packaging_3_shape	packaging_3_material	conservation_conditions_fr	preparation_fr	customer_service_fr	link	off:food_groups	off:food_groups_tags	off:nova_groups	off:nova_groups_tags	off:nutriscore_grade	off:nutriscore_score	off:ecoscore_grade	off:ecoscore_score	off:ecoscore_data.missing_key_data	off:ecoscore_data.agribalyse.code	off:ecoscore_data.adjustments.origins_of_ingredients.value	off:ecoscore_data.adjustments.packaging.value	off:ecoscore_data.adjustments.packaging.non_recyclable_and_non_biodegradable_materials	off:ecoscore_data.adjustments.production_system.value	off:ecoscore_data.adjustments.threatened_species.value	sources_fields:org-database-usda:available_date	sources_fields:org-database-usda:fdc_category	sources_fields:org-database-usda:fdc_data_source	sources_fields:org-database-usda:fdc_id	sources_fields:org-database-usda:modified_date	sources_fields:org-database-usda:publication_date	sources_fields:org-gs1:gln	sources_fields:org-gs1:gpcCategoryCode	sources_fields:org-gs1:gpcCategoryName	sources_fields:org-gs1:isAllergenRelevantDataProvided	sources_fields:org-gs1:lastChangeDateTime	sources_fields:org-gs1:partyName	sources_fields:org-gs1:productionVariantDescription	sources_fields:org-gs1:publicationDateTime	data_sources
4088600117638		pl									Makaron spagetti																	"Żywność i napoje na bazie roślin, Żywność na bazie roślin, Makarony"	en:plant-based-foods-and-beverages,en:plant-based-foods,en:pastas	"Wyprodukowano we Włoszech"	en:made-in-italy	Polska	en:poland			0																									100g	100g																																																																																	en:cereals	en:cereals-and-potatoes,en:cereals		unknown			unknown		1		-5	-15	1	0																
0062639342159		fr					Gluten Free Spagetti Pasta																		Western Family	western-family				Sans gluten	en:no-gluten	Canada	en:canada			0																									100g	100g					352.94117647059	kcal			1.1764705882353	g			0.58823529411765	g			78.823529411765	g			0	g			1.1764705882353	g			5.8823529411765	g													352.94117647059	kcal																																								unknown			unknown		1		-5	-15	1	0																App - yuka, Apps
8008343890038		fr					Spagetti																		Rummo	rummo		"Aliments et boissons à base de végétaux, Aliments d'origine végétale, Pâtes alimentaires"	en:plant-based-foods-and-beverages,en:plant-based-foods,en:pastas	Sans gluten	en:no-gluten	Canada	en:canada			0						Rummo S.p.A - Via dei Grandi Maestri Pastai 1 - 82100 - Benevento (BN) Italia	rummo-s-p-a-via-dei-grandi-maestri-pastai-1-82100-benevento-bn-italia																		100g	100g					341.17647058824	kcal			1.7647058823529	g			1.7647058823529	g			72.941176470588	g			0	g			3.5294117647059	g			5.8823529411765	g			0	g			0	g					341.17647058824	kcal																																					en:cereals	en:cereals-and-potatoes,en:cereals		unknown	a	-1	unknown		1		-5	-15	1	0																App - yuka, Apps
6415712900557		fi				Täysjyväspagetti															500g				Rainbow	rainbow		Kasvipohjaiset ruoat ja juomat, Kasvipohjaiset ruoat, Jyvät ja perunat, Viljat ja viljatuotteet, Pasta, en:Cereal pastas, Durumvehnäpasta, Spagetti, Durumvehnäspagetti	en:plant-based-foods-and-beverages,en:plant-based-foods,en:cereals-and-potatoes,en:cereals-and-their-products,en:pastas,en:cereal-pastas,en:durum-wheat-pasta,en:spaghetti,en:durum-wheat-spaghetti	Valmistettu Italiassa, Sydänmerkki	en:made-in-italy,fi:sydänmerkki	Suomi, Ranska	en:finland,en:france			0		Euroopan unioni	en:european-union										_Täysjyvädurumvehnä_ (EU). Saattaa sisältää pieniä määriä kananmunaa.							Gluteeni	en:gluten	Munat	en:eggs		100g	100g					350	kcal			2.5	g			0.6	g			66	g			3.7	g							12	g			0.01	g			0.004	g					350	kcal																																					en:cereals	en:cereals-and-potatoes,en:cereals	1	en:1-unprocessed-or-minimally-processed-foods	a	-1	unknown		1		-5	-15	1	0																App - yuka, Apps
8076800195019	1	it	Capellini n.1	Capellini n.1			Barilla pates capellini n°1 500g		Capellini (Spagetti) Nr. 1					Capellini n°1	BARILLA CAPELLINI 500g	Pâtes alimentaires		Pâtes alimentaires de qualité supérieure	Deegwaren van harde tarwe		500 g	80 g	Scatola, Cartone, Film, 21 PAP, Enveloppage	en:box,en:cardboard,en:film,en:non-corrugated-cardboard,it:enveloppage	Barilla, Nudeln	barilla,nudeln		Cibi e bevande a base vegetale, Cibi a base vegetale, Cereali e patate, Cereali e i loro prodotti, Pasta, Paste alimentari di cereali, Pasta secca, Pasta di grano duro, Spaghetti, Capellini	en:plant-based-foods-and-beverages,en:plant-based-foods,en:cereals-and-potatoes,en:cereals-and-their-products,en:pastas,en:cereal-pastas,en:dry-pastas,en:durum-wheat-pasta,en:spaghetti,en:capellini	fr:N-1-in-italia	fr:n-1-in-italia	Belgio, Bulgaria, Francia, Germania, Italia, Giappone, Lussemburgo, Svezia, Svizzera, Stati Uniti d'America	en:belgium,en:bulgaria,en:france,en:germany,en:italy,en:japan,en:luxembourg,en:sweden,en:switzerland,en:united-states	Carrefour,Franprix,Magasins U,Delhaize,Coop,carrefour.fr	carrefour,franprix,magasins-u,delhaize,coop,carrefour-fr	0		en:European Union and Non European Union, Italia	en:european-union-and-non-european-union,en:italy	Italy		"Barilla G. e R. Fratelli SpA - Via Mantova 166 - 43122- Parma (PR) Italia,(PR : Parme),Émilie-Romagne,Italie,Grèce"	barilla-g-e-r-fratelli-spa-via-mantova-166-43122-parma-pr-italia,pr-parme,emilie-romagne,italie,grece			"_Hartweizengrieß_, Wasser"	durum wheat semolina, water, may contain traces of eggs if produced in the plant indicated with letter (a),			"Semoule de BLÉ dur, eau. Peut contenir des traces de SOJA et de MOUTARDE."	Semola di grano duro, acqua.		griesmeel van harde _tarwe_, water		durumvete, vatten	Glutine	en:gluten	Soia, de:Moutarde	en:soybeans,de:moutarde		100g	100g	1521	kJ			359	kcal			2	g			0.5	g			71	g			3.5	g			3	g			13	g			0.01	g			0.004	g					1521	kJ																					0	g	1	en:box	en:non-corrugated-cardboard	en:recycle-in-paper-bin		en:film					Conserver dans un endroit frais et sec.	100g de pâtes - 1 litre d'eau - 7g de sel. Faire bouillir l'eau et ajouter le sel. Verser les pâtes et cuire 3 min, en remuant de temps en temps. Egoutter les pâtes et servir.	Service Consommateurs, www.barilla.com, rubrique « nous contacter »	http://www.barilla.fr/produits/Pates/Classiques/Capellini.htm	en:cereals	en:cereals-and-potatoes,en:cereals	1	en:1-unprocessed-or-minimally-processed-foods	a	-4	b	76		9810	-2	-2	0	0								3012288514503	10000242	"Pâtes/Nouilles - Non Prêt à Consommer (Longue Conservation)"	true	2023-07-11T11:23:10+02:00	BARILLA FRANCE SA	1	2023-07-11T11:23:11+02:00	Producers, Producer - Barilla, Database - FoodRepo / openfood.ch, Databases, App - yuka, Apps, Producer - barilla-france-sa, Database - Equadis, Database - GDSN, App - Horizon, App - InFood, App - Open Food Facts, App - Speisekammer
21100703		de	spagetti cabonara																											Nutriscore	en:nutriscore	Deutschland	en:germany			0																									100g	100g					133	kcal			5.5	g			1.6	g			16	g			1.3	g							4.5	g			1.1	g			0.44	g					133	kcal																																								unknown			unknown		1		-5	-15	1	0																App - Yuka, Apps
20003463		nl	Spaghetti	Spagetti			Spaghetti									"Nudeln aus Hartweizengrieß"	Durum wheat semolina pasta	Pâtes alimentaires au blé dur			500g	100g	Plastic, en:pp-polypropylene, en:Mixed plastic-packet, en:Produkt, en:Sachetplastique, fr:sachet plastique	en:plastic,en:pp-polypropylene,en:mixed-plastic-packet,en:produkt,en:sachetplastique,fr:sachet-plastique	Combino, Lidl	combino,lidl		Plantaardige levensmiddelen en dranken, Plantaardige levensmiddelen, Granen en aardappels, Granen en graanproducten, Pasta, Graanpastas, Durum tarwepastas, Spaghettis, Durum tarwespaghettis	en:plant-based-foods-and-beverages,en:plant-based-foods,en:cereals-and-potatoes,en:cereals-and-their-products,en:pastas,en:cereal-pastas,en:durum-wheat-pasta,en:spaghetti,en:durum-wheat-spaghetti	Groene Punt, Geproduceerd in Italië, fr:Eco-emballages, fr:Fabrique-et-conditionne-en-italie	en:green-dot,en:made-in-italy,fr:eco-emballages,fr:fabrique-et-conditionne-en-italie	België, Frankrijk, Duitsland, Ierland, Roemenië, Spanje, Verenigd Koninkrijk	en:belgium,en:france,en:germany,en:ireland,en:romania,en:spain,en:united-kingdom	Lidl,Oncos	lidl,oncos	0		Europese Unie	en:european-union			Italie	italie			"Hartweizengrieß"	durum wheat semolina			Semoule de _blé_ dur,						Gluten	en:gluten	Eieren, Soja	en:eggs,en:soybeans		100g	100g	1483	kJ			350	kcal			1.2	g			0.3	g			70.5	g			3.2	g			3.5	g			12.5	g			0	g			0	g					1483	kJ																							1	en:bag	en:pp-5-polypropylene	en:discard											en:cereals	en:cereals-and-potatoes,en:cereals		unknown	a	-4	unknown				-5	-8	0	0																App - yuka, Apps, App - Horizon, App - InFood, App - Open Food Facts, App - Speisekammer, App - smoothie-openfoodfacts
7312170095650		de	Spagetti Bolognese																		190g				Semper	semper						Deutschland	en:germany			0																									100g	100g																																																																																				unknown			unknown		1		-5	-15	1	0																App - Speisekammer, Apps
20302467		de	Spagetti																		1pcs				Bio Sonne	bio-sonne				Nutriscore	en:nutriscore	Deutschland	en:germany			0																									100g	100g					350	kcal			1	g			0.2	g			71.8	g			1.6	g			2.8	g			12	g			0.01	g			0.004	g					350	kcal																																								unknown			unknown		1		-5	-15	1	0																App - Speisekammer, Apps
8003007826279		de	Spagetti																		1pcs				Di Bari, Tarall'Oro	di-bari,tarall-oro		Pflanzliche Lebensmittel und Getränke, Pflanzliche Lebensmittel, Teigwaren, Spaghettis	en:plant-based-foods-and-beverages,en:plant-based-foods,en:pastas,en:spaghetti	Halal	en:halal	Deutschland	en:germany			0																									100g	100g																																																																																	en:cereals	en:cereals-and-potatoes,en:cereals		unknown			unknown		1		-5	-15	1	0																App - Speisekammer, Apps
4099200704500		fr					Spagetti														500 g											France	en:france			0																									100g	100g					358	kcal			1.2	g			0.2	g			74	g			2.6	g			0	g			0	g													358	kcal																																								unknown			unknown		1		-5	-15	1	0																App - Yuka, Apps
24070522		hu						Spagetti - 4 tojásos száraztészta																	Császár	csaszar						Magyarország	en:hungary			0																									100g	100g					394	kcal			2.2	g			0.6	g			80	g			1.1	g							13	g			0.2	g			0.08	g					394	kcal																																								unknown			unknown		1		-5	-15	1	0																App - Waistline, Apps
4316268643641		de	Spagetti																		500g				Albhof	albhof		en:Specific products, en:Products for specific diets, Glutenfrei	en:specific-products,en:products-for-specific-diets,en:products-without-gluten			Deutschland	en:germany			0																									100g	100g					368	kcal			2.4	g			0.6	g			79	g			1.2	g							6.4	g													368	kcal																																								unknown			unknown		1		-5	-15	1	0																App - Yuka, Apps, App - Speisekammer
0617268117144		en		Spagetti noodles																	160 oz											United States	en:united-states			0																									100g	100g					339.28571428571	kcal			1.7857142857143	g			0	g			71.428571428571	g			1.7857142857143	g			3.5714285714286	g			12.5	g			0	g			0	g					339.28571428571	kcal																																								unknown			unknown		1		-5	-15	1	0																App - yuka, Apps
8029774000827		de	Spagetti																		1pcs				terrabio	terrabio				Bio, Naturland, Naturland Fair	en:organic,en:naturland,en:naturland-fair	Deutschland	en:germany			0																									100g	100g																																																																																				unknown			unknown		1		-5	-15	1	0																App - Speisekammer, Apps
4337256013147		hu						Teszta spagetti																								Magyarország	en:hungary			0																									100g	100g																																																																																				unknown			unknown		1		-5	-15	1	0																
76149428000799		fr					Silliest sour rainbow spagetti ever														16 oz											Canada	en:canada			0																									100g	100g					368.42105263158	kcal			1.0526315789474	g			0.52631578947368	g			89.473684210526	g			63.157894736842	g							2.6315789473684	g													368.42105263158	kcal																																								unknown			unknown		1		-5	-15	1	0																App - Yuka, Apps
8011780000953		it					Vermicelloni spagetti [no image]														500 g				Riscossa	riscossa		Cibi e bevande a base vegetale, Cibi a base vegetale, Cereali e patate	en:plant-based-foods-and-beverages,en:plant-based-foods,en:cereals-and-potatoes			Italia, Thailandia	en:italy,en:thailand			0																								on	100g	100g																																																																																	en:cereals-and-potatoes	en:cereals-and-potatoes		unknown			unknown		1		-5	-15	1	0																
4002015561466		de	Spagetti																		500 g		Kunststoff	en:plastic	Krini	krini		Pflanzliche Lebensmittel und Getränke, Pflanzliche Lebensmittel, Getreide und Kartoffeln, Getreideprodukte, Teigwaren, Nudeln	en:plant-based-foods-and-beverages,en:plant-based-foods,en:cereals-and-potatoes,en:cereals-and-their-products,en:pastas,en:noodles	"Bio, EU-Öko-Verordnung, EG-Öko-Verordnung, IT-BIO-009"	en:organic,en:eu-organic,de:eg-öko-verordnung,en:it-bio-009	Deutschland	en:germany			0										"Hartweizengrieß*, Wasser aus kontrolliert biologischem Anbau *"										Gluten	en:gluten				100g	100g	1496	kj			353	kcal			1.2	g			0.2	g			72	g			2	g							12	g			0	g			0	g					1496	kj																									en:plastic												en:cereals	en:cereals-and-potatoes,en:cereals	1	en:1-unprocessed-or-minimally-processed-foods	a	-1	unknown				-5	-10	1	15																App - smoothie-openfoodfacts, Apps
4316268669030		de	Vollkorn Spagetti																		400g				Genusswelt	genusswelt		Pflanzliche Lebensmittel und Getränke, Pflanzliche Lebensmittel, Getreide und Kartoffeln, Getreideprodukte, Fertiggerichte, Teigwaren, en:Cereal pastas, Hartweizenteigwaren, Spaghettis, en:Whole durum wheat pasta, Hartweizenspaghetti, Vollkorn-Hartweizenspaghetti	en:plant-based-foods-and-beverages,en:plant-based-foods,en:cereals-and-potatoes,en:cereals-and-their-products,en:meals,en:pastas,en:cereal-pastas,en:durum-wheat-pasta,en:spaghetti,en:whole-durum-wheat-pasta,en:durum-wheat-spaghetti,en:whole-durm-wheat-spaghetti	DLG, DLG Goldener Preis, DLG Goldener Preis 2018, DLG Goldener Preis 2022, Nutriscore, Nutriscore B	en:german-agricultural-society,en:gold-medal-of-the-german-agricultural-society,en:2018-gold-medal-of-the-german-agricultural-society,en:2022-gold-medal-of-the-german-agricultural-society,en:nutriscore,en:nutriscore-grade-b	Deutschland	en:germany	Netto Marken-Discount	netto-marken-discount	0								FSC-C022873	fsc-c022873																100g	100g	457	kJ			108	kcal			0.9	g			0.2	g			18.8	g			2.9	g			3.2	g			4.6	g			1.1	g			0.44	g					457	kJ																																					en:cereals	en:cereals-and-potatoes,en:cereals		unknown	b	0	unknown		1		-5	-15	1	0																App - Speisekammer, Apps, App - smoothie-openfoodfacts, App - Yuka
8690946250014		fr					Spagetti														500 g											France	en:france			0																									100g	100g					356	kcal			1.1	g			0.1	g			74	g			2.4	g			2	g			11	g													356	kcal																																								unknown			unknown		1		-5	-15	1	0																App - Yuka, Apps
29019175		de	Spagetti	Spagetti																	500g	500g	Kunststoff	en:plastic	D'Antelli	d-antelli		Pflanzliche Lebensmittel und Getränke, Pflanzliche Lebensmittel, Getreide und Kartoffeln, Getreideprodukte, Teigwaren, en:Cereal pastas, Getrocknete Teigwaren, Hartweizenteigwaren, Spaghettis, Hartweizenspaghetti	en:plant-based-foods-and-beverages,en:plant-based-foods,en:cereals-and-potatoes,en:cereals-and-their-products,en:pastas,en:cereal-pastas,en:dry-pastas,en:durum-wheat-pasta,en:spaghetti,en:durum-wheat-spaghetti	DLG, DLG Goldener Preis, DLG Goldener Preis 2017	en:german-agricultural-society,en:gold-medal-of-the-german-agricultural-society,en:2017-gold-medal-of-the-german-agricultural-society	Deutschland	en:germany			0										"Hartweizengrieß."										Gluten	en:gluten				100g	100g					360	kcal			1.9	g			0.8	g			71.8	g			3	g							12.5	g			0.03	g			0.012	g					360	kcal																									en:plastic												en:cereals	en:cereals-and-potatoes,en:cereals	1	en:1-unprocessed-or-minimally-processed-foods	a	-1	b	65		9810	-5	-10	1	0																App - yuka, Apps, App - Open Food Facts, App - Speisekammer
9310155413213		en					San Remo Spaghetti 500g Wholemeal														500 g				San Remo	san-remo		Meals, Pasta dishes, Instant pasta, Spagetti	en:meals,en:pasta-dishes,en:instant-pasta,en:spagetti			France	en:france			0																									100g	100g					361	kcal			3.5	g			0.7	g			62	g			3	g							15	g			0.03	g			0.012	g					361	kcal																																					en:one-dish-meals	en:composite-foods,en:one-dish-meals		unknown	a	-1	unknown		1		-5	-15	1	0																App - yuka, Apps, App - smoothie-openfoodfacts
9100000699349		de	Basis Spagetti Carbonara																		1pcs				spar	spar						Deutschland	en:germany			0																									100g	100g																																																																																				unknown			unknown		1		-5	-15	1	0																App - Speisekammer, Apps
4000521033880		de	Spagetti Kuchen																						Dr Oetker	dr-oetker				Nutriscore	en:nutriscore	Deutschland	en:germany			0																									100g	100g																																																																																				unknown			unknown		1		-5	-15	1	0																App - Speisekammer, Apps
4056489632061		en		Wholewheat spagetti																			Ldpe-packet	en:ldpe-packet	Baresa	baresa						United Kingdom	en:united-kingdom			0																									100g	100g					344	kcal			1.9	g			0.4	g			65	g			3.4	g			7.4	g			13	g													344	kcal																																								unknown			unknown		1		-5	-15	1	0																App - Yuka, Apps
4002250034046		de	Zucchini Spagetti																		200 g	200g	Kunststoff	en:plastic	GARTENFRISCH Jung	gartenfrisch-jung		Pflanzliche Lebensmittel und Getränke, Pflanzliche Lebensmittel, Fertiggerichte, Vorbereitetes Gemüse	en:plant-based-foods-and-beverages,en:plant-based-foods,en:meals,en:prepared-vegetables	Vegetarisch, Vegan, Küchenfertig	en:vegetarian,en:vegan,de:küchenfertig	Deutschland	en:germany	Kaufland	kaufland	0										100 % Zucchini.												Sellerie	en:celery		100g	100g					22	kcal			0.5	g			0.1	g			2.3	g			2.3	g			1.8	g			2	g			0.01	g			0.004	g					22	kcal																									en:plastic												en:one-dish-meals	en:composite-foods,en:one-dish-meals	3	en:3-processed-foods	a	-7	unknown				-5	-10	1	0																App - Yuka, Apps
2868039009054		fr					Spagetti courgette														231 g									Sans conservateurs	en:no-preservatives	France	en:france			0																									100g	100g					15	kcal			0.5				0.1				1.8				0.3								1.3				0.01				0.004	g					15	kcal																																								unknown			unknown		1		-5	-15	1	0																App - yuka, Apps
7350126320852		de	Spagetti																		1pcs				motato	motato						Deutschland	en:germany			0																									100g	100g																																																																																				unknown			unknown		1		-5	-15	1	0																App - Speisekammer, Apps
4002250034053		de	Karotten Spagetti																		200 g	200g	Kunststoff	en:plastic	GARTENFRISCH Jung	gartenfrisch-jung		Pflanzliche Lebensmittel und Getränke, Pflanzliche Lebensmittel, Frucht- und gemüsebasierte Lebensmittel, Fertiggerichte, Gemüsebasierte Lebensmittel, Vorbereitetes Gemüse, Karotten	en:plant-based-foods-and-beverages,en:plant-based-foods,en:fruits-and-vegetables-based-foods,en:meals,en:vegetables-based-foods,en:prepared-vegetables,en:carrots	Vegetarisch, Vegan, Küchenfertig	en:vegetarian,en:vegan,de:küchenfertig	Deutschland	en:germany	Kaufland	kaufland	0										100 % Karotte.												Sellerie	en:celery		100g	100g					38	kcal			0.5	g			0.1	g			6.8	g			6.4	g			2.7	g			0.8	g			0.06	g			0.024	g					38	kcal																									en:plastic												en:vegetables	en:fruits-and-vegetables,en:vegetables	3	en:3-processed-foods	a	-6	b	79		20009	-5	-10	1	0																App - Yuka, Apps
0004642003801		ru										"Spagetti синька"																				"Россия"	en:russia			0																									100g	100g																																																																																				unknown			unknown		1		-5	-15	1	0																
9358044000069		en		Spagetti  Bolognaise																		420.0g			Lute n' Easy	lute-n-easy						Australia	en:australia			0																									100g	100g					105.47619047619	kcal			1.5	g			0.595238095238095	g			15.6190476190476	g			3.54761904761905	g			1.30952380952381	g			6.52380952380952	g													105.47619047619	kcal																																								unknown			unknown		1		-5	-15	1	0																
8426617241551		de	Spagetti																						Haribo	haribo		"Imbiss, Süßer Snack, Süßwaren, Bonbons, Gummibonbons"	en:snacks,en:sweet-snacks,en:confectioneries,en:candies,en:gummi-candies			Deutschland	en:germany			0																									100g	100g					344	kcal			0.5	g			0.1	g			86	g			56	g							0.6	g			0.19	g			0.076	g					344	kcal																																					en:sweets	en:sugary-snacks,en:sweets		unknown	d	14	b	69	1	31060	-5	-15	1	0																App - yuka, Apps, App - smoothie-openfoodfacts
5200354600818		en		Spagetti																	500g				Organic Pasta	organic-pasta				Organic, EU Organic	en:organic,en:eu-organic	Greece	en:greece			0																									100g	100g																																																																																				unknown			unknown		1		-5	-15	1	15																App - smoothie-openfoodfacts, Apps
7613312314647		fr					Pasta Spagetti														1kg				Migros	migros		"Aliments et boissons à base de végétaux, Aliments d'origine végétale, Pâtes alimentaires"	en:plant-based-foods-and-beverages,en:plant-based-foods,en:pastas			Allemagne, Suisse	en:germany,en:switzerland			0																									100g	100g					356	kcal			1.5	g			0.5	g			71	g			2.5	g							13	g			0	g			0	g					356	kcal																																					en:cereals	en:cereals-and-potatoes,en:cereals		unknown	a	-1	unknown		1		-5	-15	1	0																App - yuka, Apps, App - Speisekammer
5000157075932		en		Heinz spagetti hoops																	100g	100g			Heinz	heinz		Plant-based foods and beverages, Plant-based foods, Cereals and potatoes, Condiments, Cereals and their products, Pastas, Sauces, Tomato sauces, Groceries	en:plant-based-foods-and-beverages,en:plant-based-foods,en:cereals-and-potatoes,en:condiments,en:cereals-and-their-products,en:pastas,en:sauces,en:tomato-sauces,en:groceries			France	en:france			0											"Spaghetti Hoops (42%, Water, Durum Wheat Semolina), Tomatoes (41%), Water, Sugar, Modified Cornflour, Salt, Acid - Citric Acid, Spice, Garlic Salt, Onion Extract, Spice Extract, Iron Sulphate, Vitamin D.
May contain egg."									Gluten	en:gluten	Eggs	en:eggs		100g	100g					52	kcal			0.2	g			0.05	g			10.6	g			3.9	g			0.6	g			1.7	g			0.4	g			0.16	g					52	kcal																			2.1	mg																	en:dressings-and-sauces	en:fats-and-sauces,en:dressings-and-sauces	3	en:3-processed-foods	a	-1	b	72	1	11107	-5	-15	1	0																App - yuka, Apps
8007290138132		de	Spagetti																		500g				Opera Prima, Granoro	opera-prima,granoro		Pflanzliche Lebensmittel und Getränke, Pflanzliche Lebensmittel, Getreide und Kartoffeln, Getreideprodukte, Teigwaren, en:Cereal pastas, Hartweizenteigwaren	en:plant-based-foods-and-beverages,en:plant-based-foods,en:cereals-and-potatoes,en:cereals-and-their-products,en:pastas,en:cereal-pastas,en:durum-wheat-pasta			Deutschland, Italien	en:germany,en:italy			0						Pastificio Attilio Mastromauro Granoro s.r.l., S.P. 231 km35100 - 70033 - Corato (BA) Italia	pastificio-attilio-mastromauro-granoro-s-r-l,s-p-231-km35100-70033-corato-ba-italia																		100g	100g																																																																																	en:cereals	en:cereals-and-potatoes,en:cereals		unknown			unknown		1		-5	-15	1	0																App - Speisekammer, Apps
4337182038245		de	spagetti																													Deutschland	en:germany			0																									100g	100g																																																																																				unknown			unknown		1		-5	-15	1	0																App - Speisekammer, Apps
4337256198936		de	Vollkorn Spagetti				Spaghetti aus Vollkorn									Spaghetti aus Vollkorn					1pcs	100 g	Kunststoff, Tüte	en:plastic,en:bag	Rewe Bio,Rewe,A.s.t.r.a Bio Srl	rewe-bio,rewe,a-s-t-r-a-bio-srl		Pflanzliche Lebensmittel und Getränke, Pflanzliche Lebensmittel, Getreide und Kartoffeln, Getreideprodukte, Teigwaren, en:Cereal pastas, Hartweizenteigwaren, Spaghettis, en:Whole durum wheat pasta, Hartweizenspaghetti, Vollkorn-Hartweizenspaghetti	en:plant-based-foods-and-beverages,en:plant-based-foods,en:cereals-and-potatoes,en:cereals-and-their-products,en:pastas,en:cereal-pastas,en:durum-wheat-pasta,en:spaghetti,en:whole-durum-wheat-pasta,en:durum-wheat-spaghetti,en:whole-durm-wheat-spaghetti	"Bio, EU-Öko-Verordnung, EG-Öko-Verordnung, Nutriscore, Nutriscore Note A"	en:organic,en:eu-organic,en:eg-oko-verordnung,en:nutriscore,en:nutriscore-grade-a	Deutschland	en:germany	REWE	rewe	0						Italien	italien			"Bio Vollkorn-hartweizengrieß 100%"										Gluten	en:gluten	Soja	en:soybeans		serving	100g	1508	kJ			356	kcal			2.2	g			0.4	g			68	g			3.4	g			8.3	g			12	g			10	mg			4	mg					1508	kJ																							1	en:bag	en:plastic	en:discard										https://shop.rewe.de/p/rewe-bio-vollkorn-spaghetti-500g/209834	en:cereals	en:cereals-and-potatoes,en:cereals	1	en:1-unprocessed-or-minimally-processed-foods	a	-6	unknown				-5	-10	1	15																App - Open Food Facts, Apps, App - Yuka, App - Speisekammer
9310006004089		en		Spagetti																										Health Star Rating, Health Star Rating 3	en:health-star-rating,en:health-star-rating-3	Australia	en:australia			0																									100g	100g					70.936904	kcal			0.48	g			0.48	g			14.24	g			4.32	g							1.6	g			0.978	g			0.3912	g					70.936904	kcal																																								unknown			unknown		1		-5	-15	1	0																App - yuka, Apps
0794711001905		en		Zweet Sour Strawberry Spagetti																	10 oz											United States	en:united-states			0																									100g	100g					376.66666666667	kcal			1.6666666666667	g			1.6666666666667	g			86.666666666667	g			60	g			0	g			3.3333333333333	g			0	g			0	g					376.66666666667	kcal																																								unknown			unknown		1		-5	-15	1	0																App - Yuka, Apps
0884084000022		fr					Sauce spagetti																									Canada	en:canada			0																									100g	100g					80	kcal			1.6	g			0.8	g			8.8	g			0	g			1.6	g			6.4	g			0.88	g			0.352	g					80	kcal																																								unknown			unknown		1		-5	-15	1	0																App - Yuka, Apps
5999086440778		en		Száraztészta, Spagetti, 4 tojásos																		100g			Auchan	auchan						Hungary	en:hungary	Auchan	auchan	0																									serving	100g					348	kcal			1.5	g			0.6	g			70	g			4.4	g			3.2	g			12	g			0.08	g			0.032	g					348	kcal																																								unknown			unknown		1		-5	-15	1	0																App - waistline, Apps
4311501653821		de	Bio Spagetti Vollkorn																		500	100g	Folienpack	de:folienpack	Edeka	edeka		Pflanzliche Lebensmittel und Getränke, Pflanzliche Lebensmittel, Getreide und Kartoffeln, Getreideprodukte, Teigwaren, Nudeln	en:plant-based-foods-and-beverages,en:plant-based-foods,en:cereals-and-potatoes,en:cereals-and-their-products,en:pastas,en:noodles	"Bio, EU-Öko-Verordnung, EG-Öko-Verordnung"	en:organic,en:eu-organic,en:eg-oko-verordnung	Deutschland	en:germany			0																								off	serving	100g					348	kcal			2	g			0.5	g			67	g			3	g			6.8	g			12	g			0.01	g			0.004	g			0	% vol / *	348	kcal																																					en:cereals	en:cereals-and-potatoes,en:cereals		unknown	a	-6	unknown		1		-5	-15	1	15																App - Open Food Facts, Apps
5903890431273		pl									"Wegańskie spagetti z sosem carbonara"										300g	300			Food House	food-house		"Żywność i napoje na bazie roślin, Żywność na bazie roślin, Posiłki, Dania z makaronem, Wegańskie"	"en:plant-based-foods-and-beverages,en:plant-based-foods,en:meals,en:pasta-dishes,pl:wegańskie"	"Wegetariańskie, Wegańskie"	en:vegetarian,en:vegan	Polska	en:poland			0																		"Makaron spaghetti gotowany 53 % (woda, semolina z pszenicy twardej, olej rzepakowy, sól), wegański sos carbonara 35 % [mieszanka roztworu soczewicy, oleju rzepakowego i tłuszczu kokosowego [roztwór soczewicy (woda, mąka z soczewicy), olej rzepakowy, tłuszcz kokosowy, cukier, skrobia modyfikowana, emulgator: monostearynian polioksyetylenosorbitolu, stabilizatory: metyloceluloza, guma ksantanowa; regulator kwasowości: cytryniany sodu, naturalny aromat, sól, barwnik: karoteny], woda, skrobia, sól, czosnek, przyprawy, cukier, substancja konserwująca: sorbinian potasu], wegańska siekanka na bazie sojowej, smażona 10 % [wegańska siekanka na bazie sojowej (baza sojowa 91 %* (woda, białko sojowe, ekstrakt słodu jęczmiennego), ekstrakty przypraw, ocet spirytusowy, glukoza, sól, ekstrakt drożdżowy, naturalny aromat, przyprawy, cukier karmelizowany), woda, olej rzepakowy, aromat], wegańska posypka 1,7 % [woda, skrobia, skrobia modyfikowana, olej kokosowy, sól, białko ryżu, aromaty, ekstrakt z owoców oliwek, barwnik: karoteny], szczypiorek liofilizowany, pieprz czarny. Może zawierać mleko, jaja, gorczycę, seler, nasiona sezamu."		Seler, Jaja, Gluten, Gorczyca, Nasiona sezamu	en:celery,en:eggs,en:gluten,en:mustard,en:sesame-seeds	Seler, Jaja, Mleko, Gorczyca, Nasiona sezamu	en:celery,en:eggs,en:milk,en:mustard,en:sesame-seeds		100g	100g	452	kJ			108	kcal			4.5	g			1.3	g			11	g			1.5	g			2.3	g			4.3	g			0.78	g			0.312	g					452	kJ																																					en:one-dish-meals	en:composite-foods,en:one-dish-meals	4	en:4-ultra-processed-food-and-drink-products	b	1	unknown		1		-5	-15	1	0																App - smoothie-openfoodfacts, Apps
0041220168729		en		Thin spagetti																												United States	en:united-states			0																									100g	100g					357.14285714286	kcal			1.7857142857143	g			0	g			75	g			3.5714285714286	g			3.5714285714286	g			12.5	g			0	g			0	g					357.14285714286	kcal																																								unknown			unknown		1		-5	-15	1	0																App - Yuka, Apps
4337185865312		de	Spagetti																		1pcs				K	k				"Bio, EU-Öko-Verordnung, Nutriscore, Nutriscore Note A"	en:organic,en:eu-organic,en:nutriscore,en:nutriscore-grade-a	Deutschland	en:germany			0																									100g	100g					360	kcal			15	g			0.3	g			73	g			3	g			3	g			12	g													360	kcal																																								unknown			unknown		1		-5	-15	1	15																App - Speisekammer, Apps, App - Yuka
4056489500575		hu						Spagetti durum száraztészta													500 g				Combino	combino		Gl	hu:gl			Magyarország	en:hungary			0																									100g	100g	1519	kJ			358	kcal			1.5	g			0	g			73	g			1.6	g			2.3	g			12	g			0.02	g			0.008	g					1519	kJ																																								unknown	a	-3	unknown		1		-5	-15	1	0																App - smoothie-openfoodfacts, Apps
4388040003448		de	Spagetti																		5kg				Economy	economy						Deutschland	en:germany			0																									100g	100g					361	kcal			2.5	g			0.8	g			70	g			3	g							13	g													361	kcal																																								unknown			unknown		1		-5	-15	1	0																App - Speisekammer, Apps
9009473002833		de	Spagetti																		1kg				Jeden Tag	jeden-tag						Deutschland	en:germany			0																									100g	100g					360	kcal			2.4	g			1.3	g			69	g			0.5	g							13	g													360	kcal																																								unknown			unknown		1		-5	-15	1	0																App - Speisekammer, Apps
4013259510127		de	Spagetti																		500g				Möve, Möve	move,move						Deutschland	en:germany			0																									100g	100g					352	kcal			1.5	g			0.4	g			71	g			3	g			3	g			12	g													352	kcal																																								unknown			unknown		1		-5	-15	1	0																App - Yuka, Apps, App - Speisekammer
8019730058948		it					Spagetti integrali biologici																		MD	md						Francia, Italia	en:france,en:italy	MD	md	0																									100g	100g					382	kcal			1.7	g			0.3	g			75	g			4	g							12.5	g			0	g			0	g					382	kcal																																								unknown			unknown		1		-5	-15	1	0																App - yuka, Apps
6970218350089		en		Organic back soybeen spagetti																										Organic, Vegetarian, EU Organic, No gluten, Vegan, The Vegan Society	en:organic,en:vegetarian,en:eu-organic,en:no-gluten,en:vegan,en:the-vegan-society	United Kingdom	en:united-kingdom			0																									100g	100g					329.4118	kcal			7.0588	g			1.1765	g			38.8235	g			7.0588	g							43.5294	g													329.4118	kcal																																								unknown			unknown		1		-5	-15	1	15																App - yuka, Apps
85410800		en		explore organic black bean spagetti																										No gluten	en:no-gluten	United States	en:united-states			0											"sauce: • 8oz (227g) organic black bean spaghetti • 1 cup of cherry tomatoes , roasted with provencal herbs in a dash of olive oil • 4oz fresh tofu cubed • 1/2 cup red cabbage finely chopped • 4 baby sweet peppers finely cubed (seeds removed) • 4 small radishes finely sliced •2 tbsp soy sauce • 2 tbsp olive oil • 4 tsp water 3 tbsp sugar 2 cloves of garlic crushed 1 tsp ginger finely grated cooking instructions:   pasta: prepare according to above instructions, sauce: bring water and soy to boil add sugar, garlic , ginger, mix, simmer for 5 minutes, add olive oil, stir well, • fry herbed tomatoes for 10 minu • fold in blanched vegetables, • mix gently together all ingredient with sauce, garnish with thyme - se •2 spring onions sliced 1 cup of beansprouts thyme for garnish %#useyournoodle share your recipes with us #explorerecipes f facebook/explorecuisine instagram/explo,"														100g	100g																																																																																				unknown			unknown		1		-5	-15	1	0																App - InFood, Apps
4260055050177		de	Dinkel Spagetti																		1pcs				Adamshof	adamshof						Deutschland	en:germany			0																									100g	100g																																																																																				unknown			unknown		1		-5	-15	1	0																App - Speisekammer, Apps
9008050120342		it							Spagetti																							Italia	en:italy			0																									100g	100g					351	kcal			1.5	g			0.3	g			69	g			3.4	g			2.9	g			14	g			0	g			0	g					351	kcal																																								unknown			unknown		1		-5	-15	1	0																App - Yuka, Apps
5413848635665		fr					Bio Spagetti																		Come A Casa	come-a-casa				Bio	en:organic	Belgique	en:belgium			0																									100g	100g					156	kcal			6.6999998092651	g			1.6000000238419	g			18	g			2.5999999046326	g							5.6999998092651	g			0.73000001907349	g			0.292000007629396	g					156	kcal																																								unknown			unknown		1		-5	-15	1	0																App - yuka, Apps
4061462577628		en		Spagetti noodles																	16 oz											United States	en:united-states			0																									100g	100g					357.14285714286	kcal			1.7857142857143	g			0	g			75	g			3.5714285714286	g			3.5714285714286	g			10.714285714286	g			0	g			0	g					357.14285714286	kcal																																								unknown			unknown		1		-5	-15	1	0																App - Yuka, Apps
4001639010756		de	Spagetti Würzzubereitung																		40g				Wagner	wagner						Deutschland	en:germany			0																									100g	100g																																																																																				unknown			unknown		1		-5	-15	1	0																App - Speisekammer, Apps
9421904909342		en		Soy bean organic spagetti																	200 g											Australia	en:australia			0																									100g	100g					39.333333333333	kcal			0.8	g			0.66666666666667	g			2.3333333333333	g			1.2	g			2.2666666666667	g			4.6666666666667	g													39.333333333333	kcal																																								unknown			unknown		1		-5	-15	1	0																App - Yuka, Apps
0039153125711		en		Spagetti																					Colavita	colavita						United States	en:united-states			0																									100g	100g					375	kcal			0	g			0	g			73.214285714286	g			1.7857142857143	g			3.5714285714286	g			14.285714285714	g			0	g			0	g					375	kcal																																								unknown			unknown		1		-5	-15	1	0																App - Yuka, Apps
0794711006313		en		Zweet sour silly spagetti cotton candy																	10 oz											United States	en:united-states			0																									100g	100g					378.94736842105	kcal			2.1052631578947	g			1.0526315789474	g			87.368421052632	g			63.157894736842	g			1.0526315789474	g			2.4736842105263	g			0.17236842105263	g			0.068947368421052	g					378.94736842105	kcal																																								unknown			unknown		1		-5	-15	1	0																App - Yuka, Apps
0810006590173		en		Speciale Spagetti																												United States	en:united-states			0																									100g	100g					357.14285714286	kcal			1.7857142857143	g			0	g			71.428571428571	g			0	g			1.7857142857143	g			12.5	g			0	g			0	g					357.14285714286	kcal																																								unknown			unknown		1		-5	-15	1	0																App - Yuka, Apps
4021851541388		de	Kamut Spagetti																		500 g				Gustoni	gustoni		Pflanzliche Lebensmittel und Getränke, Pflanzliche Lebensmittel, Teigwaren, Nudeln	en:plant-based-foods-and-beverages,en:plant-based-foods,en:pastas,en:noodles			Deutschland	en:germany			0																								null	100g	100g	1504	kj			355	kcal			1.5	g			0.3	g			70	g			2	g							14	g			0.01	g			0.004	g					1504	kj																																					en:cereals	en:cereals-and-potatoes,en:cereals		unknown	a	-1	unknown		1		-5	-15	1	0																App - smoothie-openfoodfacts, Apps
9300644098014		en		Spagetti sauce																												Australia	en:australia			0																									100g	100g																																																																																				unknown			unknown		1		-5	-15	1	0																App - Yuka, Apps
7310960648871		sv												Dafgårds Spagetti Bolognese						Spagetti med smakrik köttfärssås och riven ost	400 g	400 g	Plast, Kartong, en:container, en:FSC cardboard, Green dot	en:plastic,en:cardboard,en:container,en:fsc-cardboard,sv:green-dot	Dafgårds,Gunnar Dafgård	dafgards,gunnar-dafgard		en:Meats and their products, Fryst mat, Färdigmat, Pastarätter, Rätter med kött, en:Beef dishes, en:Microwave meals	en:meats-and-their-products,en:frozen-foods,en:meals,en:pasta-dishes,en:meals-with-meat,en:beef-dishes,en:microwave-meals	en:FSC, en:FSC Mix	en:fsc,en:fsc-mix	Sverige	en:sweden	Coop Konsum,ICA Supermarket	coop-konsum,ica-supermarket	0		Europeiska unionen	en:european-union		Ursprung nötkött: EU.	Källby,Västergötland,Sverige	kallby,vastergotland,sverige	SE 237 EC,FSC-C008592	se-237-ec,fsc-c008592										Pasta 42 % (_durumvete_, vatten), vatten, tomat, nötkött 9 %, lök, _ost_, tomatpuré, morot, _vetemjöl_, _selleri_, salt, rapsolja, vitlök, socker, stärkelse, köttfond (nötkött, vatten), vitvinsvinäger, kryddor.	Selleri, Gluten, Mjölk	en:celery,en:gluten,en:milk				100g	100g	500	kJ			120	kcal			4.1	g			1.9	g			16	g			1.9	g			1.4	g			6.1	g			0.7	g			0.28	g					500	kJ																								en:unknown	en:fsc-cardboard				en:plastic							https://www.dafgards.se/sortiment-/spagetti-bolognese-1-port/	en:one-dish-meals	en:composite-foods,en:one-dish-meals	3	en:3-processed-foods	b	1	unknown				-5	-11	1	0																
5010251538103		en		free from spagetti																		100g	Mixed plastic film-bag	en:mixed-plastic-film-bag	Morrisons	morrisons				No gluten	en:no-gluten	United Kingdom	en:united-kingdom	Morrisons	morrisons	0											Cornflour (69%), Rice flour (17%), Water, Emulsifier (mono-and diglycerides of fatty acids).														100g	100g	731	kJ			172	kcal			0.6	g			0.2	g			38.6	g			0.2	g			0.9	g			2.8	g			0.09	g			0.036	g					731	kJ																								en:film	en:plastic														4	en:4-ultra-processed-food-and-drink-products			unknown				-5	-1	0	0																App - yuka, Apps, App - Horizon, App - Open Food Facts
5050665049024		en		Spagetti																												United Kingdom	en:united-kingdom			0																									100g	100g					357	kcal			1.4	g			0.3	g			72	g			3.18	g			3.2	g			12.5	g													357	kcal																																								unknown			unknown		1		-5	-15	1	0																App - Yuka, Apps
0794711007495		en		Sour Rainbow Spagetti Straws																	16 oz											United States	en:united-states			0																									100g	100g					368.42105263158	kcal			10.526315789474	g			5.2631578947368	g			89.473684210526	g			63.157894736842	g			0	g			2.1052631578947	g													368.42105263158	kcal																																								unknown			unknown		1		-5	-15	1	0																App - Yuka, Apps
9339687218394		en		Salmon spagetti																		170.0g			Woolworths	woolworths		Seafood, Canned foods, Fishes, Fatty fishes, Canned fishes, Tunas, Canned tunas	en:seafood,en:canned-foods,en:fishes,en:fatty-fishes,en:canned-fishes,en:tunas,en:canned-tunas	Sustainable-fishing, Health Star Rating, Health Star Rating 4, Sustainable Seafood MSC	en:sustainable-fishing,en:health-star-rating,en:health-star-rating-4,en:sustainable-seafood-msc	Australia	en:australia	Woolworths	woolworths	0																									100g	100g					107.058823529412	kcal			2.35294117647059	g			0.352941190495211	g			11.5882357429056	g			2.70588229684269	g			2.99999994390151	g			8.23529411764706	g													107.058823529412	kcal																																					en:fatty-fish	en:fish-meat-eggs,en:fish-and-seafood,en:fatty-fish		unknown			d	31	1	26053	-5	-15	1	10																
4001123333095		de	Spagetti																		500g				Frischlsnd	frischlsnd						Deutschland	en:germany			0																									100g	100g																																																																																				unknown			unknown		1		-5	-15	1	0																App - Speisekammer, Apps
4013423980190		de	Hartweizen Spagetti																		1pcs				Riesa	riesa		Pflanzliche Lebensmittel und Getränke, Pflanzliche Lebensmittel, Getreide und Kartoffeln, Getreideprodukte, Teigwaren, Spaghettis	en:plant-based-foods-and-beverages,en:plant-based-foods,en:cereals-and-potatoes,en:cereals-and-their-products,en:pastas,en:spaghetti			Deutschland	en:germany			0																									100g	100g					358	kcal			1.7	g			0.4	g			72	g			3.6	g			3.3	g			12	g													358	kcal																																					en:cereals	en:cereals-and-potatoes,en:cereals		unknown			unknown		1		-5	-15	1	0																App - Speisekammer, Apps, App - Yuka
6008079003506		en		Poland Spagetti Pasta																	500g											South Africa	en:south-africa			0																									100g	100g																																																																																				unknown			unknown		1		-5	-15	1	0																
7032069721117		fr					Spagetti glutenfri																		REMA 1000	rema-1000						France	en:france			0																									100g	100g					351	kcal			0.9				0.3				78				0.5								7				0.01				0.004	g					351	kcal																																								unknown			unknown		1		-5	-15	1	0																App - yuka, Apps
7310960044284		en		Spagetti carbonara																		390g			Dafgårds	dafgards						Sweden	en:sweden			0																									100g	100g					167	kcal			8.1	g			4.3	g			17	g			1.5	g			0.8	g			6.2	g			1.1	g			0.44	g					167	kcal																																								unknown			unknown		1		-5	-15	1	0																App - Waistline, Apps
9000452041027		de	Spagetti Nr 5																		550g				Recheis	recheis						Deutschland	en:germany			0																									100g	100g																																																																																				unknown			unknown		1		-5	-15	1	0																App - Speisekammer, Apps
9000452316521		de	Low Carb Spagetti																		300g				Recheis	recheis						Deutschland	en:germany			0																									100g	100g					342	kcal			3	g			1	g			49	g											26	g													342	kcal																																											unknown		1		-5	-15	1	0																App - Speisekammer, Apps
9300644093132		en		Campbells spagetti sauce																												Australia	en:australia			0											tomato puree (50%). beef (23%), carrots, onions, soy protein, modified starch (e1412 (from maizel), sugar, garlic, salt, vegetable protein extract (from soy), spice, food colour (caramel m), flavour enhancer (e635), yeast extract contains soy.									Soybeans	en:soybeans				100g	100g																																																																																			4	en:4-ultra-processed-food-and-drink-products			unknown		1		-5	-15	1	0																App - InFood, Apps
7612360402245		de	Grüne spagetti																		1pcs											Deutschland	en:germany			0																									100g	100g																																																																																							unknown		1		-5	-15	1	0																App - Speisekammer, Apps
4337182079569		de	Spagetti Integrali																		1pcs							Pflanzliche Lebensmittel und Getränke, Pflanzliche Lebensmittel, Getreide und Kartoffeln, Getreideprodukte	en:plant-based-foods-and-beverages,en:plant-based-foods,en:cereals-and-potatoes,en:cereals-and-their-products			Deutschland	en:germany			0																									100g	100g																																																																																	en:cereals	en:cereals-and-potatoes,en:cereals					unknown		1		-5	-15	1	0																App - Speisekammer, Apps
20738013		en		Gluten free spagetti pasta																		2 ONZ (56 g)					LIDL	Plant-based foods and beverages, Plant-based foods, Cereals and potatoes, Cereals and their products, Pastas	en:plant-based-foods-and-beverages,en:plant-based-foods,en:cereals-and-potatoes,en:cereals-and-their-products,en:pastas			United States	en:united-states			0											corn flour, rice flour,														100g	100g					14.285714285714	kcal			2.6785714285714	g			0.89285714285714	g			76.785714285714	g			0	g			1.7857142857143	g			7.1428571428571	g			0	g			0	g					14.285714285714	kcal							0	g	0	mg					143	mg	0	mg	0.71	mg																	en:cereals	en:cereals-and-potatoes,en:cereals	1	en:1-unprocessed-or-minimally-processed-foods	a	-5	unknown		1		-5	-15	1	0		2019-03-18T00:00:00Z	Pasta by Shape & Type	LI	695900	2019-03-18T00:00:00Z	2019-12-06T00:00:00Z									Databases, database-usda, App - InFood, Apps, App - Yuka
00280716		en		Spagetti carbonara																			Card-sleeve, Mixed plastic film-film, Pet-tray	en:card-sleeve,en:mixed-plastic-film-film,en:pet-tray	"Sainsbury’s"	sainsbury-s						United Kingdom	en:united-kingdom	Sainsbury's	sainsbury-s	0																									100g	100g					131	kcal			4.6	g			2.4	g			15.1	g			1.1	g							6.6	g			0.53	g			0.212	g					131	kcal																								en:film	en:plastic			en:sleeve			en:tray	en:pet-polyethylene-terephthalate								unknown			unknown				-5	-15	0	0																App - yuka, Apps, App - Horizon
7310960039822		sv												Dafgårds Spagetti Con Aglio						Spagetti med olivolja, persilja, vitlök och soltorkad tomat, serveras med Grana Padano	380 g	380 g	Plast, en:container, Green dot	en:plastic,en:container,sv:green-dot	Dafgårds,Gunnar Dafgård	dafgards,gunnar-dafgard		Fryst mat, Färdigmat, Pastarätter, en:Microwave meals	en:frozen-foods,en:meals,en:pasta-dishes,en:microwave-meals	"en:FSC, en:FSC Mix, FSC-C008592
"	en:fsc,en:fsc-mix,sv:fsc-c008592	Sverige	en:sweden	ICA Supermarket	ica-supermarket	0						Källby,Västergötland,Sverige	kallby,vastergotland,sverige	SE 237 EG	se-237-ec										Pasta 64 % (vatten, _durumvetemjöl_), vatten, rapsolja, olivolja, tomat, Grana Padano 2,6 % (_mjölk_, salt, löpe, konserveringsmedel E1105 (från _ägg_)), persilja, salt, vitlök, modifierad stärkelse, svartpeppar, vitvinsvinäger, torkad tomat, vitlökspulver, lökpulver, chiliflingor, persilja.	"Ägg, Gluten, Mjölk"	en:eggs,en:gluten,en:milk				100g	100g	895	kJ			214	kcal			13	g			1.9	g			20	g			0.5	g			1.2	g			4.2	g			1.2	g			0.48	g					895	kJ																								en:unknown	en:cardboard				en:plastic							https://www.dafgards.se/sortiment-/spagetti-con-aglio/	en:one-dish-meals	en:composite-foods,en:one-dish-meals	4	en:4-ultra-processed-food-and-drink-products	c	5	unknown				-5	-11	1	0																
7310960040965		sv												Dafgårds Italian Meatballs						Nötköttbullar serveras med spagetti, Grana Padano samt tomat- & basilikasås	380 g	380 g	Plast, en:container, Green dot	en:plastic,en:container,sv:green-dot	Dafgårds,Gunnar Dafgård	dafgards,gunnar-dafgard		en:Meats and their products, Färdigmat, Pastarätter, Rätter med kött, en:Microwave meals	en:meats-and-their-products,en:meals,en:pasta-dishes,en:meals-with-meat,en:microwave-meals	"en:FSC, en:FSC Mix, FSC-C008592
"	en:fsc,en:fsc-mix,sv:fsc-c008592	Sverige	en:sweden	ICA Supermarket	ica-supermarket	0		Europeiska unionen	en:european-union			Källby,Västergötland,Sverige	kallby,vastergotland,sverige	SE 237 EG	se-237-ec										Pasta 47 % (vatten, _durumvetemjöl_), tomat, nötkött 11 %, lök, rapsolja, Grana Padano (_mjölk_, salt, löpe, konserveringsmedel (E1105) (från _ägg_)), ströbröd (_vetemjöl_, havssalt, jäst, _durumvetemjöl_, _vetegluten_), tomatpuré, _ägg_, kycklingfond (vatten, kyckling, salt), basilika, persilja, _ost_, salt, olivolja, vitlök, socker, kryddor, soltorkade tomater (tomat, solrosolja, salt, vitlök, lagerblad), citronzest, citronsaft, modifierad stärkelse.	"Ägg, Gluten, Mjölk"	en:eggs,en:gluten,en:milk				100g	100g	709	kJ			169	kcal			8.4	g			2.4	g			17	g			1.9	g			1.3	g			6.5	g			1.1	g			0.44	g					709	kJ																								en:unknown	en:cardboard				en:plastic							https://www.dafgards.se/sortiment-/italian-meatballs/	en:one-dish-meals	en:composite-foods,en:one-dish-meals	4	en:4-ultra-processed-food-and-drink-products	c	3	unknown				-5	-11	1	0																
5997490112045		hu						Spagetti													500 g		Műanyag	en:plastic	Dunakeszi	dunakeszi		Növényi alapú élelmiszerek és italok, Növényialapú élelmiszerek, Gabona- és burgonyafélék, Gabonafélék és azok termékei, Olasz tészta, Spagetti	en:plant-based-foods-and-beverages,en:plant-based-foods,en:cereals-and-potatoes,en:cereals-and-their-products,en:pastas,en:spaghetti	Magyar-termek	hu:magyar-termek	Magyarország	en:hungary			0																						Tojás	en:eggs		100g	100g																																																																					en:plastic												en:cereals	en:cereals-and-potatoes,en:cereals		unknown			unknown				-5	-10	1	0																
7032069712962		nb								Spagetti											1000g		en:Plastic	en:plastic	REMA 1000	rema-1000		en:Plant-based foods and beverages, en:Plant-based foods, en:Cereals and potatoes, en:Cereals and their products, Pasta, en:Spaghetti	en:plant-based-foods-and-beverages,en:plant-based-foods,en:cereals-and-potatoes,en:cereals-and-their-products,en:pastas,en:spaghetti	Grønt Punkt	en:green-dot	Norge	en:norway			0																Semolina _durumhvete_.				Gluten	en:gluten	Egg	en:eggs		100g	100g	1506	kJ			355	kcal			1	g			0.2	g			73	g			2	g			3	g			12	g			0.03	g			0.012	g					1506	kJ			0.1	g	0.4	g																			en:plastic												en:cereals	en:cereals-and-potatoes,en:cereals		unknown	a	-4	unknown				-5	-10	1	0																App - Open Food Facts, Apps
4009418101930		de	Eier Spagetti																		500 g	125g	Kunststoff	en:plastic	TiP	tip		Pflanzliche Lebensmittel und Getränke, Pflanzliche Lebensmittel, Getreide und Kartoffeln, Getreideprodukte, Teigwaren, Nudeln, Spaghettis	en:plant-based-foods-and-beverages,en:plant-based-foods,en:cereals-and-potatoes,en:cereals-and-their-products,en:pastas,en:noodles,en:spaghetti			Deutschland	en:germany			0										"Hartweizengrieß, Trocken - eigelb (1,6%). Enthält Gluten und Hühnerei."										Eier, Gluten	en:eggs,en:gluten	Soja	en:soybeans		100g	100g					365	kcal			2.6	g			0.6	g			70	g			3.3	g			2.8	g			14	g			0.03	g			0.012	g					365	kcal																									en:plastic												en:cereals	en:cereals-and-potatoes,en:cereals	4	en:4-ultra-processed-food-and-drink-products	a	-3	unknown				-5	-10	1	0																
7310960034445		sv												Dafgårds Spagetti Carbonara						Spagetti med carbonarasås smaksatt med bacon och Grana Padano	390 g	390 g	Plast, en:container, Green dot	en:plastic,en:container,sv:green-dot	Dafgårds,Gunnar Dafgård	dafgards,gunnar-dafgard		en:Meats and their products, Fryst mat, Färdigmat, Pastarätter, Rätter med kött, en:Pork meals, en:Microwave meals	en:meats-and-their-products,en:frozen-foods,en:meals,en:pasta-dishes,en:meals-with-meat,en:pork-meals,en:microwave-meals	"en:FSC, en:FSC Mix, FSC-C008592
"	en:fsc,en:fsc-mix,sv:fsc-c008592	Sverige	en:sweden	ICA Supermarket	ica-supermarket	0						Källby,Västergötland,Sweden	kallby,vastergotland,sweden	SE 237 EC	se-237-ec										Pasta 53% (_durumvete_, vatten, rapsolja, salt), _mjölk_, _grädde_, bacon 8% (griskött, vatten, salt, rökarom, antioxidationsmedel (E331), stabiliseringsmedel (E451), konserveringsmedel (E250)), Grana Padano (_mjölk_, salt, löpe, konserveringsmedel (E1105 (från _ägg_))), _ost_, vatten, modifierad stärkelse, salt, kryddor, _ägg_.	"Ägg, Gluten, Mjölk"	en:eggs,en:gluten,en:milk	Mjölk	en:milk		100g	100g	692	kJ							7.9	g			4.5	g			17	g			1.5	g			0.8	g			6.6	g			1.1	g			0.44	g					692	kJ																									en:plastic											https://www.dafgards.se/sortiment-/spagetti-carbonara/	en:one-dish-meals	en:composite-foods,en:one-dish-meals	4	en:4-ultra-processed-food-and-drink-products	c	6	unknown				-5	-10	1	0																
7310960027201		sv												"Dafgårds À la carte Spagetti Bolognese"						Mustig köttfärssås med spagetti serveras med pesto och ost	420 g	420 g	Plast, en:container, en:pp-polypropylene, Green dot	en:plastic,en:container,en:pp-polypropylene,sv:green-dot	Dafgårds,Gunnar Dafgård	dafgards,gunnar-dafgard		en:Meats and their products, Fryst mat, Färdigmat, Rätter med kött, en:Microwave meals	en:meats-and-their-products,en:frozen-foods,en:meals,en:meals-with-meat,en:microwave-meals	"en:FSC, en:FSC Mix, FSC-C008592
"	en:fsc,en:fsc-mix,sv:fsc-c008592	Sverige	en:sweden	ICA Supermarket	ica-supermarket	0								SE 237 EC	se-237-ec										Pasta 51% (_durumvete_, vatten), nötkött 15%, vatten, tomat, rapsolja, morot, lök, tomatpuré, _ost_, soltorkad tomat (solrosolja, salt, vitlök, lagerblad), kycklingfond (kyckling, vatten, salt), Grana Padano (_mjölk_, salt, löpe, konserveringsmedel E1105 (från _ägg_)), basilika, _sojasås_ (vatten, _sojabönor_, _vete_, salt), vitlök, salt, kryddor, persilja, solrosfrö, modifierad _vetestärkelse_, timjan, citronsaft.	"Ägg, Gluten, Mjölk, Soja"	en:eggs,en:gluten,en:milk,en:soybeans				100g	100g	690	kJ							7.8	g			2.4	g			16	g			1.1	g			1.5	g			7	g			1	g			0.4	g					690	kJ																									en:pp-polypropylene											http://www.dafgards.se/sortiment-/spagetti-bolognese-2/	en:one-dish-meals	en:composite-foods,en:one-dish-meals	3	en:3-processed-foods	c	3	unknown				-5	-8	0	0																
7613035614659		de	Spagetti Bolognese	5  Minuten Terrine																	60 g	260g	Kanne	en:pot	Maggi	maggi		Fertiggerichte	en:meals			Deutschland	en:germany			0										48,3 % Nudeln (HARTWEIZEN - GRIESS, EIER), Gemüse (13,3 % Tomaten, Karotten, Zwiebeln, SELLERIE), Palmfett, Stärke, WEIZENMEHL, 3,4% Rindfleisch, Hefeextrakt, Petersilie, Zwiebelpulver, Knoblauch, Sonnenblumenöl, Jodsalz Zucker, Maltodextrin, Aromen (mit GERSTE), Salz										Sellerie, Eier, Gluten	en:celery,en:eggs,en:gluten	Milch, Senf de:Soja	en:milk,de:senf-de-soja		100g	100g					94	kcal			3	g			1.6	g			12.7	g			2.2	g			1.5	g			3.4	g			0.8	g			0.32	g					94	kcal																								en:pot													en:one-dish-meals	en:composite-foods,en:one-dish-meals	4	en:4-ultra-processed-food-and-drink-products	b	2	unknown				-5	-10	0	0	-10															App - yuka, Apps
9002912040717		de	Finkensteiner Spagetti 500g, Goldfink																		500g		en:container	en:container	Goldfink	goldfink		Pflanzliche Lebensmittel und Getränke, Pflanzliche Lebensmittel, Getreide und Kartoffeln, Getreideprodukte, Teigwaren, Spaghettis	en:plant-based-foods-and-beverages,en:plant-based-foods,en:cereals-and-potatoes,en:cereals-and-their-products,en:pastas,en:spaghetti			"Österreich"	en:austria			0										hartweizengriess, eier										Eier, Gluten	en:eggs,en:gluten			off	100g	100g					366	kcal			3	g			0.8	g			68	g			0.8	g							15	g			0.05	g			0.02	g					366	kcal																																					en:cereals	en:cereals-and-potatoes,en:cereals	1	en:1-unprocessed-or-minimally-processed-foods	a	-1	unknown		1		-5	-15	1	0																App - Open Food Facts, Apps
8714100683064		sv												Snack Pot Bolognese						Spagetti med tomat och köttsåsmix	268g	268 g	en:Metal, Plast, Papper, en:Recyclable Metals, Aluminium	en:metal,en:plastic,en:paper,en:recyclable-metals,en:aluminium	Knorr,Unilever	knorr,unilever		en:Meats and their products, Färdigmat, en:Dried products, Pastarätter, en:Dried products to be rehydrated, Rätter med kött, en:Dried meals	en:meats-and-their-products,en:meals,en:dried-products,en:pasta-dishes,en:dried-products-to-be-rehydrated,en:meals-with-meat,en:dried-meals	en:Sustainable, en:Sustainable farming, en:Sustainable Palm Oil	en:sustainable,en:sustainable-farming,en:sustainable-palm-oil	Frankrike, Tyskland, Sverige	en:france,en:germany,en:sweden	Coop	coop	0																			"Pasta (_DURUMVETE_) 60 %, tomatpurépulver 13 %, palmfett, lökpulver, socker, nötkött 1,8%, salt, tomater 1,4 %, arom, jästextrakt, kaliumklorid, örter och kryddor (bl.a vitlök, persilja) havssalt 0,8 %, morot, _ROTSELLERI_, röd paprika, extra jungfruolivolja, maltodextrin, _torkad ÄGGVITA_."	"Selleri, Ägg, Gluten, Torkad ÄGGVITA"	en:celery,en:eggs,en:gluten,sv:torkad-äggvita	Mjölk	en:milk		100g	100g			392	kJ	94	kcal	94	kcal	1.9	g	1.9	g		g	1	g	15	g	15	g	3.3	g	3.3	g			1.6	g	3.3	g	3.3	g		g	0.73	g		g	0.292	g			94	kcal	392	kJ																						en:unknown	en:paper				en:aluminium	en:recycle		en:plastic					en:one-dish-meals	en:composite-foods,en:one-dish-meals	4	en:4-ultra-processed-food-and-drink-products	b	1	unknown				-5	-14	1	0	-10															App - yuka, Apps, App - Speisekammer
8051827121265		de	Spagetti al nero																		500g				Livera	livera		Pflanzliche Lebensmittel und Getränke, Pflanzliche Lebensmittel, Getreide und Kartoffeln, Getreideprodukte	en:plant-based-foods-and-beverages,en:plant-based-foods,en:cereals-and-potatoes,en:cereals-and-their-products			Deutschland	en:germany			0																									100g	100g					365	kcal			1.2	g			0.5	g			74.64	g			2	g							13	g													365	kcal																																					en:cereals	en:cereals-and-potatoes,en:cereals					unknown		1		-5	-15	1	0																App - Speisekammer, Apps
4018852103417		de	Gemüse spagetti																						Bebivita	bebivita						Deutschland	en:germany			0																									100g	100g					69	kcal			2.8	g			0.48	g			8	g			2.28	g							3	g													69	kcal																																											unknown		1		-5	-15	1	0																App - yuka, Apps
5450017300399		fr					spagetti														1 kg											Luxembourg	en:luxembourg			0																									100g	100g					357	kcal			1.2	g			0.2	g			72	g			1.2	g			2.9	g			13.2	g													357	kcal																																											unknown		1		-5	-15	1	0																App - yuka, Apps
4000398256047		de	Gaggli Spagetti																		1pcs											Deutschland	en:germany			0																									100g	100g																																																																																							unknown		1		-5	-15	1	0																App - Speisekammer, Apps
7350060702455		se											Spagetti								500g				Paolos	paolos						El Salvador, Duiska	en:el-salvador,en:germany			0																									100g	100g					367	kcal			1.5	g							73	g			3	g							14	g													367	kcal																																											unknown		1		-5	-15	1	0																App - Speisekammer, Apps
0924058012375		de	Spagetti																		1kg				Clever	clever						Deutschland	en:germany			0																									100g	100g																																																																																							unknown		1		-5	-15	1	0																App - Speisekammer, Apps
4002966004012		de	Spagetti Linguine																		500g				3-Glocken	3-glocken						Deutschland	en:germany			0																									100g	100g									0.999999977648258	g							73.0000019073486	g											0.119999997317791	g																																																									unknown		1		-5	-15	1	0																App - Speisekammer, Apps
7613036106405		pl		spagetti po Neapolitansku																												Wielka Brytania	en:united-kingdom			0											"learn more the owner of the commodity juice is-societe des produits nestle sa, &quot;reference intake for the average adult (8400 contains 1 pordje size to be to the child method of preparation: 2) tninut, bpom bɔbzim fajdz l marked nwojzod op inside the cup, spaghetti pasta in neapolitan sauce, instant dish, warton ingredients: spaghetti pasta 56.1% (semolina from durum wheat, eggs), dried vegetables (tomato 19.9%,  czosnek, red pepper), potato starch, sugar, salt, flavor enhancers (monosodium glutamate, disodium s-ribonucleotides), herbs, maltodextrin, spagetip 2 added kompasżywieniowyo nutritional value after preparation energy value (250g) in porgi"							"Dowiedz się więcej Wlascicielem zmaku towarowego jest-Societe des Produits Nestle SA, &quot;Referencyjna spożycia dla przeciętnejosoby dorosłej (8400 zawiera 1 pordje Wielkość być do dziecka Sposób przygotowania: 2) tninut, bpom bɔbzim fajDz L zaznaczonego nwojzod op wewnątrz kubka, Makaron spaghetti w sosie neapolitańskim, Danie instant, Warton Składniki: makaron spaghetti 56,1% (semolina z pszenicy durum, jaja), suszone warzywa (pomidor 19,9%, CZosnek, czerwona papryka), skrobia ziemniaczana, cukier, sól, wzmacniacze smaku (glutaminian monosodowy, S-rybonukleotydy disodowe), zioła, maltodekstryna, Spagetip 2 dodaten KOMPASŻYWIENIOWYo Wartość odżywcza po przyrządźeniu Wartość energetyczna (250g) w porgi"		Jaja	en:eggs				100g	100g																																																																																			4	en:4-ultra-processed-food-and-drink-products			unknown		1		-5	-15	1	0																App - InFood, Apps
9352357002031		en		corn sweet potato  spagetti																												Australia	en:australia			0											imghedients no corn flour (95%), sweet potato powder (5%). per 100 g cooking instructions: 1497 kj (353 cal) 5.2g 1. bring 1 litre of water per 10og pasta to the boil. add salt if desired. 2. add pasta to the boiling water, reduce heat, stir occasionally. 3. maintain a rapid boil, uncovered, for 8-10 minutes. stir gently. 4. remove from heat and drain well. 5. serve immediately. nil detected 1.8g 0.2g 78.0g 1.2g 2.0g														100g	100g																																																																																							unknown		1		-5	-15	1	0																App - InFood, Apps
0041220211258		en		Spagetti With Tomato Basil Marinara																	12 oz											United States	en:united-states			0																									100g	100g					79.411764705882	kcal			3.5294117647059	g			1.4705882352941	g			9.1176470588235	g			1.1764705882353	g							3.8235294117647	g			0.53676470588235	g			0.21470588235294	g					79.411764705882	kcal																																								unknown			unknown		1		-5	-15	1	0																App - yuka, Apps
0041303000458		en		spagetti																		56g			Essential Everyday	essential-everyday										0																									100g	100g					357.14285714286	kcal			1.7857142857143	g			0	g			75	g			3.5714285714286	g			2	g			12.5	g			0	g			0	g					357.14285714286	kcal																																								unknown			unknown		1		-5	-15	1	0																App - yuka, Apps
7032069720653		nb								Spagetti fullkorn pasta											500 g				Rema 1000	rema-1000		en:Plant-based foods and beverages, en:Plant-based foods, en:Cereals and potatoes, en:Cereals and their products, Pasta, en:Cereal pastas, en:Durum wheat pasta, en:Spaghetti, en:Whole durum wheat pasta, en:Durum wheat spaghetti, en:Whole durm wheat spaghetti	en:plant-based-foods-and-beverages,en:plant-based-foods,en:cereals-and-potatoes,en:cereals-and-their-products,en:pastas,en:cereal-pastas,en:durum-wheat-pasta,en:spaghetti,en:whole-durum-wheat-pasta,en:durum-wheat-spaghetti,en:whole-durm-wheat-spaghetti	en:Organic, en:EU Organic, IT-BIO-007	en:organic,en:eu-organic,en:it-bio-007	Norge	en:norway			0																"Økologisk sammalt semolina _durumhvete_"				Gluten	en:gluten	Egg	en:eggs		100g	100g	1478	kJ			349	kcal			2.5	g			0.6	g			66	g			3.7	g			7.5	g			12	g			0.01	g			0.004	g					1478	kJ																																					en:cereals	en:cereals-and-potatoes,en:cereals		unknown	a	-6	unknown		1		-5	-15	1	15																App - Open Food Facts, Apps
0850011443118		en		Banza Chickpeas Spagetti																												United States	en:united-states			0																									100g	100g					339.28571428571	kcal			6.25	g			0	g			57.142857142857	g			3.5714285714286	g							21.428571428571	g			0.15625	g			0.0625	g					339.28571428571	kcal																																								unknown			unknown		1		-5	-15	1	0																App - yuka, Apps
4099100091489		en		Spagetti sace																												United States	en:united-states			0																									100g	100g					64.516129032258	kcal			2.0161290322581	g			0	g			9.6774193548387	g			5.6451612903226	g							1.6129032258065	g			1.008064516129	g			0.4032258064516	g					64.516129032258	kcal																																								unknown			unknown		1		-5	-15	1	0																App - yuka, Apps
8005781201327		fr					Spagetti																									Russie	en:russia			0																									100g	100g					348	kcal			1.8999999761581	g			0	g			69	g			0	g							11	g			0	g			0	g					348	kcal																																								unknown			unknown		1		-5	-15	1	0																App - yuka, Apps
356470700008605		fr					spagettis																		biovillage	biovillage						France	en:france			0																									100g	100g																																																																																				unknown			unknown		1		-5	-15	1	0																
5997490112823		en		Száraztészta, Spagetti, durum																		100g			Don Francesco, Mary-Ker Pasta Kft.	don-francesco,mary-ker-pasta-kft						Hungary	en:hungary			0																									serving	100g					346	kcal			1.7	g			0.3	g			68	g			2.3	g			3.5	g			13	g			0.01	g			0.004	g					346	kcal																																								unknown			unknown		1		-5	-15	1	0																App - waistline, Apps
94000505099839652110		en		Spagetti																	400 g				Supervalu	supervalu		Plant-based foods and beverages, Plant-based foods, Cereals and potatoes, Cereals and their products, Pastas, Spaghetti	en:plant-based-foods-and-beverages,en:plant-based-foods,en:cereals-and-potatoes,en:cereals-and-their-products,en:pastas,en:spaghetti	Vegetarian	en:vegetarian	Ireland	en:ireland	SuperValu	supervalu	0																									100g	100g	1188	kJ			280	kcal			1.8	g			0.6	g			56	g			1.2	g			2.7	g			8.7	g			0.1	g			0.04	g					1188	kJ																																					en:cereals	en:cereals-and-potatoes,en:cereals		unknown	a	-4	unknown		1		-5	-15	1	0																App - yuka, Apps
21106453		en		Spagetti and sausage																												United Kingdom	en:united-kingdom			0											cooked spaghetti pasta loops (36%) [water, durum wheat semolina], tomato purée (22%), water, pork sausages (17%) [pork (52%), water, fortified wheat flour [wheat flour, calcium carbonate, iron, niacin (b3), thiamin (b1)], potato starch, salt, dextrose, rapeseed oil, sausage casing [beef protein], yeast extract, spice and herb extract], sugar, modified maize starch, onion powder, salt, wheat flour, antioxidant (ascorbic acid), paprika, yeast extract, paprika extract, rapeseed oil, flavourings.									Gluten	en:gluten				100g	100g					82	kcal			2.2000000476837	g			0.69999998807907	g			12	g			3.2000000476837	g							1	g			3.4000000953674	g			1.36000003814696	g					82	kcal																																							4	en:4-ultra-processed-food-and-drink-products			unknown		1		-5	-15	1	0																App - yuka, Apps, App - InFood
4015537270303		de	Spagetti																		500g				Hammer Mühle	hammer-muhle		Pflanzliche Lebensmittel und Getränke, Pflanzliche Lebensmittel, Getreide und Kartoffeln, Getreideprodukte, en:Specific products, en:Products for specific diets, Glutenfrei, Stärke, Getreidestärke, Maisstärke, Maisnudeln	en:plant-based-foods-and-beverages,en:plant-based-foods,en:cereals-and-potatoes,en:cereals-and-their-products,en:specific-products,en:products-for-specific-diets,en:products-without-gluten,en:starches,en:cereal-starches,en:corn-starch,de:maisnudeln	Glutenfrei, Laktosefrei	en:no-gluten,en:no-lactose	Deutschland	en:germany			0										Maismehl, Wasser															100g	100g	1494	kJ							0.8	g			0	g			79	g			1.2	g			3.5	g			5.5	g			0	g			0	g					1494	kJ																																					en:cereals	en:cereals-and-potatoes,en:cereals	2	en:2-processed-culinary-ingredients	a	-2	b	77	1	9510	-5	-15	1	0																App - Yuka, Apps
3660861901273		fr					Spagetti courts														380 g				Lustucru	lustucru				Fabriqué en France	en:made-in-france	France	en:france	Magasins U	magasins-u	0								EMB 60150	emb-60150																100g	100g					374	kcal			3.5	g			0.8	g			70	g			6	g			3	g			14	g			0.1	g			0.04	g					374	kcal																																								unknown			unknown		1		-5	-15	1	0																App - yuka, Apps
9782035987051		fr					Spagetti																					Non alimentaire	en:non-food-products			France	en:france			0																									100g	100g																																																																																				not-applicable			unknown		1		-5	-15	1	0																App - yuka, Apps
4062300330429		en		Spagetti bolognese																					Hipp	hipp						Ireland	en:ireland			0																									100g	100g					64	kcal			2.0999999046326	g			0.40000000596046	g			8.5	g			1.8999999761581	g							2.7000000476837	g													64	kcal																																								unknown			unknown		1		-5	-15	1	0																App - yuka, Apps
02312703		en		Miracle Noodle Plant Based Noodles Spagetti Style																												United States	en:united-states			0											water, konjac flour, citric acid.														100g	100g																																																																																				unknown			unknown		1		-5	-15	1	0																App - InFood, Apps
00211499		en		Organic whole wheat spagetti																												United States	en:united-states			0																									100g	100g					357.14285714286	kcal			2.6785714285714	g			0	g			73.214285714286	g			1.7857142857143	g							12.5	g			0	g			0	g					357.14285714286	kcal																																								unknown			unknown		1		-5	-15	1	0																App - yuka, Apps
3263850519413		fr					Spagetti Le Prix Gagnant - 1KG														1 kg				Le prix gagnant	le-prix-gagnant		Viandes et dérivés, Viandes, Charcuteries, Charcuteries diverses, Pâté	en:meats-and-their-products,en:meats,en:prepared-meats,fr:charcuteries-diverses,en:pate			France	en:france			0														"Semoule de blé dur. Traces d’œuf et de soja"						Gluten	en:gluten	"Œufs, Soja"	en:eggs,en:soybeans		100g	100g					355	kcal			1.5	g			0.1	g			72	g			3.5	g			2.5	g			12	g			0.03	g			0.012	g					355	kcal																																					en:processed-meat	en:fish-meat-eggs,en:processed-meat	3	en:3-processed-foods	a	-3	unknown		1		-5	-15	1	0																App - Yuka, Apps
0780878718282		es			Spagetti nutri fit																500 g				Luccetti	luccetti		Alimentos y bebidas de origen vegetal, Alimentos de origen vegetal, Cereales y patatas, Cereales y derivados, Pastas alimenticias, Tallarines tagliatelles	en:plant-based-foods-and-beverages,en:plant-based-foods,en:cereals-and-potatoes,en:cereals-and-their-products,en:pastas,en:tagliatelle			España	en:spain			0												Sémola de trigo candeal, fumarato ferroso, óxido de zinc, riboflavina, vitamina B6, vitamina B1, vitamina A, ácido fólico, vitamina D, vitamina B12.								Gluten	en:gluten	Gluten, de:MOLINOS RIO DE LA PLATA, de:PUEDE CONTENER HUEVO Y SOJA	en:gluten,de:molinos-rio-de-la-plata,de:puede-contener-huevo-y-soja		100g	100g																																																																																	en:cereals	en:cereals-and-potatoes,en:cereals	1	en:1-unprocessed-or-minimally-processed-foods			unknown		1		-5	-15	1	0																App - elcoco, Apps, App - El CoCo
6417700051777		en		Spagetti																					Myllyn paras	myllyn-paras		Plant-based foods and beverages, Plant-based foods, Cereals and potatoes, Cereals and their products, Pastas, Spaghetti	en:plant-based-foods-and-beverages,en:plant-based-foods,en:cereals-and-potatoes,en:cereals-and-their-products,en:pastas,en:spaghetti			Finland	en:finland			0																									100g	100g					353	kcal			1.9	g			0.4	g			67.9	g			2.8	g			5.9	g			13.1	g			0.01	g			0.004	g					353	kcal																																					en:cereals	en:cereals-and-potatoes,en:cereals		unknown	a	-6	unknown		1		-5	-15	1	0																
0794711001882		en		Strawberry silly spagetti																		2 PIECES (19 g)					Galil Importing Corporation	Snacks, Sweet snacks, Confectioneries	en:snacks,en:sweet-snacks,en:confectioneries			United States	en:united-states			0											Sugar, glucose syrup, wheat flour, water, vegetable oil, malic acid, acidulant (citric acid), artificial flavors, artificial colors (red 40), emulsifier.									Gluten	en:gluten				100g	100g					379	kcal			2.11	g			1.05	g			87.37	g			63.16	g			1.1	g			2.47	g			172.5	mg			69	mg					379	kcal							0	g	0	mg	0	IU	0	mg			0	mg	0	mg																	en:sweets	en:sugary-snacks,en:sweets	4	en:4-ultra-processed-food-and-drink-products	d	14	unknown		1		-5	-15	1	0		2018-09-24T00:00:00Z	Candy	LI	516364	2018-09-24T00:00:00Z	2019-04-01T00:00:00Z									Databases, database-usda
0076371043038		en		Tofu Shirataki Spagetti													Tofu shirataki noodles [water, tofu (water, soybean, calcium sulfate, glucono delta lactone), yam flour, calcium hydroxide], crushed tomatoes, water, tomatoes diced in juice (tomatoes, tomato juice, citric acid, calcium chloride), mushrooms, onion, contains 2% or less of the following					1 TRAY (284 g)			House Foods America Corporation	house-foods-america-corporation	House Foods America Corporation	Frozen foods	en:frozen-foods			United States	en:united-states			0											Cornstarch, textured soy protein (soy flour, caramel color), garlic, sea salt, yeast extract, maltodextrin, cane sugar, basil, black pepper, cayenne pepper.									Soybeans	en:soybeans				100g	100g					49	kcal			0.7	g			0	g			8.1	g			3.17	g			1.8	g			2.46	g			432.5	mg			173	mg					49	kcal							0	g	0	mg	35	IU	0	mg			53	mg	0.63	mg																			4	en:4-ultra-processed-food-and-drink-products	a	-1	unknown		1		-5	-15	1	0		2018-04-30T00:00:00Z	Frozen Dinners & Entrees	LI	411126	2018-04-30T00:00:00Z	2019-04-01T00:00:00Z									Databases, database-usda, Database - USDA NDB
7613030711414		en		Spagetti Carbonara																					Maggi	maggi						Germany	en:germany			0																									100g	100g																																																																																				unknown			unknown		1		-5	-15	1	0																
6410405164346		fi				Spagetti															1 kg	100g	Muovi	en:plastic	K menu	k-menu		Kasvipohjaiset ruoat ja juomat, Kasvipohjaiset ruoat, Jyvät ja perunat, Viljat ja viljatuotteet, Pasta	en:plant-based-foods-and-beverages,en:plant-based-foods,en:cereals-and-potatoes,en:cereals-and-their-products,en:pastas			Suomi	en:finland			0						Italia	italia						vehnäjauho, durumvehnäjauho, vesi							Gluteeni	en:gluten	Soija	en:soybeans		100g	100g					356	kcal			1.6	g			0.3	g			73	g			13	g			2.6	g			11	g			0	g			0	g			0		356	kcal																									en:plastic												en:cereals	en:cereals-and-potatoes,en:cereals	1	en:1-unprocessed-or-minimally-processed-foods	a	-1	unknown				-5	-10	1	0																
8002193000050		fr					Spagetti																									France	en:france			0																									100g	100g																																																																																				unknown			unknown		1		-5	-15	1	0																App - yuka, Apps
5055936802797		fr					My Spagetti																		MyProtein	myprotein						France	en:france			0																									100g	100g					7	kcal			0.1				0.1				0.1				0.1								0.1				0.1				0.04	g					7	kcal																																								unknown			unknown		1		-5	-15	1	0																App - yuka, Apps
5419980003980		fr					Spagetti bolo gianni																							Sans conservateurs, Sans colorants	en:no-preservatives,en:no-colorings	Belgique	en:belgium			0																									100g	100g					135	kcal			6	g			2	g			13	g			1	g							7	g			0.3	g			0.12	g					135	kcal																																								unknown			unknown		1		-5	-15	1	0																App - yuka, Apps
28294856		en	Ready Gemüse Spagetti, Süsskartoffel																			1001,8			Penny	penny						Germany	en:germany			0																									serving	100g					119	kcal			2.5				0.3				19				6								3				1.1				0.44	g					119	kcal																																								unknown			unknown		1		-5	-15	1	0																App - waistline, Apps
8023331041599		fr					Ciao Carb Spagetti Low Carb Nudeln 500G																									France	en:france			0																									100g	100g					289	kcal			1				0.3				25				1								30				1.35				0.54	g					289	kcal																																								unknown			unknown		1		-5	-15	1	0																App - yuka, Apps
