code	producer_version_id	lc	product_name_bg	product_name_de	product_name_en	product_name_es	product_name_fr	product_name_hi	product_name_hr	product_name_hu	product_name_it	product_name_nl	product_name_pt	product_name_ro	product_name_sv	product_name_xx	abbreviated_product_name_fr	generic_name_de	generic_name_en	generic_name_es	generic_name_fr	generic_name_it	generic_name_nl	generic_name_pt	quantity	serving_size	packaging	packaging_tags	brands	brands_tags	brand_owner	categories	categories_tags	labels	labels_tags	countries	countries_tags	stores	stores_tags	obsolete	obsolete_since_date	origins	origins_tags	manufacturing_places	manufacturing_places_tags	emb_codes	emb_codes_tags	ingredients_text_bg	ingredients_text_de	ingredients_text_en	ingredients_text_es	ingredients_text_fr	ingredients_text_hr	ingredients_text_hu	ingredients_text_it	ingredients_text_nl	ingredients_text_pt	ingredients_text_ro	ingredients_text_sv	ingredients_text_xx	allergens	allergens_tags	traces	traces_tags	no_nutrition_data	nutrition_data_per	nutrition_data_prepared_per	energy-kj_value	energy-kj_unit	energy-kcal_value	energy-kcal_unit	fat_value	fat_unit	saturated-fat_value	saturated-fat_unit	carbohydrates_value	carbohydrates_unit	sugars_value	sugars_unit	fiber_value	fiber_unit	proteins_value	proteins_unit	salt_value	salt_unit	sodium_value	sodium_unit	energy_value	energy_unit	energy-from-fat_value	energy-from-fat_unit	trans-fat_value	trans-fat_unit	cholesterol_value	cholesterol_unit	vitamin-a_value	vitamin-a_unit	vitamin-c_value	vitamin-c_unit	calcium_value	calcium_unit	iron_value	iron_unit	fruits-vegetables-nuts-estimate_value	fruits-vegetables-nuts-estimate_unit	cocoa_value	cocoa_unit	packaging_1_number_of_units	packaging_1_shape	packaging_1_material	packaging_1_recycling	packaging_1_quantity_per_unit	packaging_1_weight_measured	packaging_2_number_of_units	packaging_2_shape	packaging_2_material	packaging_2_recycling	packaging_2_weight_measured	packaging_3_number_of_units	packaging_3_shape	packaging_3_material	packaging_3_recycling	packaging_3_weight_measured	packaging_4_number_of_units	packaging_4_shape	packaging_4_material	packaging_4_recycling	packaging_4_quantity_per_unit	packaging_4_weight_measured	packaging_5_number_of_units	packaging_5_shape	packaging_5_material	packaging_5_recycling	packaging_5_weight_measured	packaging_6_shape	packaging_6_material	packaging_7_shape	packaging_7_material	packaging_7_recycling	packaging_8_shape	packaging_8_material	conservation_conditions_fr	customer_service_fr	link	off:food_groups	off:food_groups_tags	off:nova_groups	off:nova_groups_tags	off:nutriscore_grade	off:nutriscore_score	off:ecoscore_grade	off:ecoscore_score	off:ecoscore_data.missing_key_data	off:ecoscore_data.agribalyse.code	off:ecoscore_data.adjustments.origins_of_ingredients.value	off:ecoscore_data.adjustments.packaging.value	off:ecoscore_data.adjustments.packaging.non_recyclable_and_non_biodegradable_materials	off:ecoscore_data.adjustments.production_system.value	off:ecoscore_data.adjustments.threatened_species.value	sources_fields:org-database-usda:available_date	sources_fields:org-database-usda:fdc_category	sources_fields:org-database-usda:fdc_data_source	sources_fields:org-database-usda:fdc_id	sources_fields:org-database-usda:modified_date	sources_fields:org-database-usda:publication_date	sources_fields:org-gs1:gln	sources_fields:org-gs1:gpcCategoryCode	sources_fields:org-gs1:gpcCategoryName	sources_fields:org-gs1:isAllergenRelevantDataProvided	sources_fields:org-gs1:lastChangeDateTime	sources_fields:org-gs1:partyName	sources_fields:org-gs1:productionVariantDescription	sources_fields:org-gs1:publicationDateTime	data_sources
8000500264850	2014	en			"Sp√©cialit√© croustillante fourr√©e p√¢te √† tartiner"		Biscuits Nutella B-ready x2 gaufrettes fourr√©es - 44g										Nutella b-ready t2				"Sp√©cialit√© croustillante fourr√©e √† la p√¢te √† tartiner aux noisettes et au cacao NUTELLA et aux √©clats croustillants"				44 g	22 g (22)	Plastic, Bag, Box	en:plastic,en:bag,en:box	NUTELLA,FERRERO	nutella,ferrero		"Snacks, Breakfasts, Spreads, Sweet snacks, Sweet spreads, Biscuits and cakes, Biscuits, Chocolate biscuits, fr:P√¢tes √† tartiner"	en:snacks,en:breakfasts,en:spreads,en:sweet-snacks,en:sweet-spreads,en:biscuits-and-cakes,en:biscuits,en:chocolate-biscuits,fr:pates-a-tartiner			Bulgaria, France	en:bulgaria,en:france			0										chocolate spread with hazelnuts and cocoa for 81,5 % (sugar, palm oil, hazelnuts 13%, skimmed milk powder 8,7%, lean cocoa is 7,4%, emulsifiers : lecithins [soy] , vanillin), wheat flour 16%, yeast of beer, malt extract, salt, skimmed milk powder, emulsifiers : lecithins [soy] , protein, wheat, milk proteins, water,		"P√¢te √† tartiner aux NOISETTES et au cacao 81,5 % : (sucre, huile de palme, NOISETTES 13%, LAIT √©cr√©m√© en poudre 8,7%, cacao maigre 7,4%, √©mulsifiants : l√©cithines [SOJA] ; vanilline), farine de FROMENT 16%, levure de bi√®re, extrait de malt d'ORGE, sel, LAIT √©cr√©m√© en poudre, √©mulsifiants : l√©cithines [SOJA] ; prot√©ines de FROMENT, prot√©ines de LAIT, eau."									Gluten, Milk, Nuts, Soybeans	en:gluten,en:milk,en:nuts,en:soybeans				100g	100g	2177	kJ	521	kcal	27	g	9.5	g	60.7	g	47.1	g			7.2	g	0.559	g	0.2236	g	2177	kJ																				en:bag	en:plastic					en:box																											"A conserver au sec et √† l'abri de la chaleur"	FERRERO FRANCE COMMERCIALE - Service Consommateurs, CS 90058 - 76136 MONT SAINT AIGNAN Cedex		en:biscuits-and-cakes	en:sugary-snacks,en:biscuits-and-cakes	4	en:4-ultra-processed-food-and-drink-products	e	27	d	26		24036	-5	-15	1	0	-10							3010176200101	10000045	Chocolat et Confiserie de Chocolat et/ou de Sucre - Confiserie	true	2023-01-04T11:11:31+01:00	FERRERO FRANCE COMMERCIALE	2014	2023-01-04T11:11:31+01:00	Producer - Ferrero, Producers, App - yuka, Apps, Producer - ferrero-france-commerciale, Database - Equadis, Database - GDSN, Databases, App - InFood, App - smoothie-openfoodfacts
3017620429484	2021-01-21T15:43:00+01:00	fr		Nutella	Nutella	Nutella	Nutella				Nutella	Nutella Hazelnootpasta					Nutella t825 new ean 2013	"Nu√ü-Nougat-Krem"		Crema de avellana y cacao	"P√¢te √† tartiner aux noisettes et au cacao"		Nutella Hazelnootpasta family pot		825 g	15g	Bouchon ou couvercle, Plastique, Verre, Pot, Support, Couvercle, Opercule, en:Tarro, en:container	en:lid-or-cap,en:plastic,en:glass,en:pot,en:backing,en:lid,en:seal,en:tarro,en:container	Ferrero,Nutella	ferrero,nutella		"Petit-d√©jeuners, Produits √† tartiner, Produits √† tartiner sucr√©s, P√¢tes √† tartiner, P√¢tes √† tartiner aux noisettes, P√¢tes √† tartiner au chocolat, P√¢tes √† tartiner aux noisettes et au cacao"	en:breakfasts,en:spreads,en:sweet-spreads,fr:pates-a-tartiner,en:hazelnut-spreads,en:chocolate-spreads,en:cocoa-and-hazelnuts-spreads	Sans gluten, Sans conservateurs, Sans colorants, Sans mati√®re grasse hydrog√©n√©e, Triman, Certifi√© par SGS	en:no-gluten,en:no-preservatives,en:no-colorings,en:no-hydrogenated-fats,fr:triman,fr:certifie-par-sgs	"Argentine, Australie, Belgique, Canada, Colombie, France, Allemagne, Irlande, Italie, Japon, Luxembourg, Pays-Bas, La R√©union, Russie, Arabie saoudite, Afrique du Sud, Espagne, Su√®de, Suisse, Royaume-Uni, √âtats-Unis"	en:argentina,en:australia,en:belgium,en:canada,en:colombia,en:france,en:germany,en:ireland,en:italy,en:japan,en:luxembourg,en:netherlands,en:reunion,en:russia,en:saudi-arabia,en:south-africa,en:spain,en:sweden,en:switzerland,en:united-kingdom,en:united-states	Intermarch√©,Carrefour,Colruyt,Albert Heijn,Jan Linders,Plus,carrefour.fr,Hoogvliet,Lidl	intermarche,carrefour,colruyt,albert-heijn,jan-linders,plus,carrefour-fr,hoogvliet,lidl	0									"Zucker, Palm√∂l, HASELN√úSSE (13 %), MAGERMILCH - PULVER (8,7 %), fettarmer Kakao, Emulgator Lecithine (SOJA), Vanillin"	sugar, palm oil, hazelnuts 13%, cocoa lean to 7,4%, skimmed milk powder 6,6%, whey powder, emulsifiers : lecithins [soy], vanillin	Az√∫car, Aceite vegetal de palma, Avellanas, Cacao desgrasado, Leche desnatada en polvo, Suero l√°cteo en polvo, Almendra, Emulsionante (lecitina de soja), Aromatizante (vainillina)	Sucre, huile de palme, NOISETTES 13%, LAIT √©cr√©m√© en poudre 8,7%, cacao maigre 7,4%, √©mulsifiants : l√©cithines [ SOJA ] vanilline				Suiker, palmolie, HAZELNOTEN 13%, magere cacao 7,4%, magere MELKPOEDER 6,6%, WEIPOEDER, emulgatoren: lecithinen [SOJA], vanilline					"Lait, Fruits √† coque, Soja"	en:milk,en:nuts,en:soybeans				100g	100g	2252	kJ	539	kcal	30.9	g	10.6	g	57.5	g	56.3	g			6.3	g	0.107	g	0.0428	g	2252	kJ																			1	en:pot	en:clear-glass	en:recycle-in-glass-bin		393.4	1	en:seal	xx:82-c-pap	en:recycle	0.4	1	en:lid	en:pp-5-polypropylene	en:recycle	8.8	2	en:label	en:paper	en:recycle		0.1	1	en:backing	en:non-corrugated-cardboard	en:recycle	2.1	en:jar								FERRERO FRANCE COMMERCIALE - Service Consommateurs, CS 90058 - 76136 MONT SAINT AIGNAN Cedex	https://www.nutella.com/fr/fr/produits/nutella	en:sweets	en:sugary-snacks,en:sweets	4	en:4-ultra-processed-food-and-drink-products	e	26	d	20		31032	-5	-15	0	0	-10							3010176200101	10000187	"P√¢tes √† Tartiner Sucr√©es (Longue Conservation)"	true	2023-06-01T16:10:56+02:00	FERRERO FRANCE COMMERCIALE		2023-06-01T16:10:56+02:00	Producer - Ferrero, Producers, App - labeleat, App - yuka, Apps, Producer - ferrero-france-commerciale, Database - Equadis, Database - GDSN, Databases, App - InFood, App - Open Food Facts, App - smoothie-openfoodfacts
8000500310397	2021-01-14T00:03:22+01:00	en			Ferrero - Nutella Biscuits Tube, 166g (5.9oz)		Biscuits Nutella x12 biscuits fourr√©s - 166g				Nutella - Biscuits						Nutella biscuits t12		Biscuits filled with hazelnut spread with cocoa		"Biscuit fourr√© √† la p√¢te √† tartiner aux noisettes et au cacao Nutella¬Æ"	Biscotti con farcitura di crema alle nocciole e al cacao			166 g	13.8 g	Plastic, Metal, Recyclable Metals, Card-tube, Foil-film, Pp-lid, it:Enveloppe	en:plastic,en:metal,en:recyclable-metals,en:card-tube,en:foil-film,en:pp-lid,it:enveloppe	Nutella,Ferrero	nutella,ferrero		Snacks, Sweet snacks, Biscuits and cakes, Biscuits, Chocolate biscuits, Filled biscuits	en:snacks,en:sweet-snacks,en:biscuits-and-cakes,en:biscuits,en:chocolate-biscuits,en:filled-biscuits	Triman	fr:triman	France, Italy	en:france,en:italy	E.Leclerc,carrefour.fr,Conad,Leclerc,Carrefour	e-leclerc,carrefour-fr,conad,leclerc,carrefour	0		Italy, No especificado	en:italy,en:no-especificado							hazelnut spread with cocoa 40% (sugar, palm oil, hazelnuts (13%), skimmed milk powder (8,7%), fat - reduced cocoa (7,4%), emulsifier: lecithins (soya), vanillin), wheat flour (32,5%), vegetable fats (palm, palm kernel, cane sugar (8,5%), lactose (milk), wheat bran, milk powder, honey, raising agents (disodium diphosphate, sodium bicarbonate, ammonium bicarbonate), malted barley flour, fat-reduced cocoa, salt, barley - malze malt extract,  wheat starch, emulsifier: lecithins (soya), vanillin,		"P√¢te √† tartiner aux NOISETTES et au cacao 40% (sucre, huile de palme, NOISETTES 13%, LAIT √©cr√©m√© en poudre 8,7%, cacao maigre 7,4%, √©mulsifiants : l√©cithines [SOJA] ; vanilline), farine de FROMENT 32,5%, graisses v√©g√©tales (palme, palmiste), sucre de canne 9%, LACTOSE, son de BLE, LAIT en poudre, extrait en poudre de malt d'ORGE et de ma√Øs, miel, poudres √† lever (disphosphate disodique, carbonate acide d'ammonium, carbonate acide de sodium), cacao maigre, sel, amidon de FROMENT, farine d'ORGE malt√©, √©mulsifiants : l√©cithines [SOJA] ; vanilline."			Crema alle NOCCIOLE e al cacao 40% (zucchero, olio di palma, NOCCIOLE 13%, LATTE scremato in polvere 8,7%**, cacao magro 7,4%**, emulsionanti: lecitine (SOIA); vanillina), farina di FRUMENTO (32,5%), grassi vegetall (palma, palmisto), zucchero di canna (contiene FRUMENTO) (8,5%), LATTOSIO, crusca di FRUMENTO, LATTE intero in polvere, miele, agenti lievitanti (difosfato disodico, carbonato acido di sodio, carbonato acido di ammonio), farina d'ORZO maltata, cacao magro, sale, estratto in polvere di malto d'ORZO e mais, amido di FRUMENTO, emulsionanti: lecitine (SOLA), vanillina.						Gluten, Milk, Nuts, Soybeans, fr:Gs1:T4078:ML	en:gluten,en:milk,en:nuts,en:soybeans,fr:gs1-t4078-ml	Mustard	en:mustard		100g	100g	2158	kJ	515	kcal	24.8	g	11.5	g	64	g	35.8	g			7.9	g	0.559	g	0.2236	g	2158	kJ																			1	en:tube	xx:84-c-pap	en:discard			1	en:seal	en:plastic-aluminium	en:discard		1	en:lid	en:pp-5-polypropylene	en:discard																				"A conserver au sec et √† l'abri de la chaleur. Ne pas mettre au r√©frig√©rateur."	FERRERO FRANCE COMMERCIALE - Service Consommateurs, CS 90058 - 76136 MONT SAINT AIGNAN Cedex		en:biscuits-and-cakes	en:sugary-snacks,en:biscuits-and-cakes	4	en:4-ultra-processed-food-and-drink-products	e	25	d	35		24036	2	-13	1	0	-10							3010176200101	10000161	G√¢teaux Secs/Biscuits (Longue Conservation)	true	2023-06-02T15:05:05+02:00	FERRERO FRANCE COMMERCIALE		2023-06-02T15:05:05+02:00	App - yuka, Apps, Producers, Producer - ferrero-france-commerciale, Database - Equadis, Database - GDSN, Databases, App - InFood, App - Open Food Facts, App - Horizon, App - smoothie-openfoodfacts
3017620420702	2014	en			Nutella		"Nutella p√¢te √† tartiner aux noisettes et au cacao 800g"									Nutella	Nutella t.800				"NUTELLA : P√¢te √† tartiner aux noisettes"				800 g	15 g (NUTELLA 2)	Plastic, Glass, Jar, fr:couvercle en plastique, fr:opercule aluminium, fr:pot en verre	en:plastic,en:glass,en:jar,fr:couvercle-en-plastique,fr:opercule-aluminium,fr:pot-en-verre	Ferrero,Nutella	ferrero,nutella		"Breakfasts, Spreads, Sweet spreads, fr:P√¢tes √† tartiner, Hazelnut spreads, Chocolate spreads, Cocoa and hazelnuts spreads"	en:breakfasts,en:spreads,en:sweet-spreads,fr:pates-a-tartiner,en:hazelnut-spreads,en:chocolate-spreads,en:cocoa-and-hazelnuts-spreads	Sustainable, No gluten, Sustainable Palm Oil, Green Dot, Roundtable on Sustainable Palm Oil	en:sustainable,en:no-gluten,en:sustainable-palm-oil,en:green-dot,en:roundtable-on-sustainable-palm-oil	France	en:france			0										"sugar, palm oil, noisettes 13%, milk skimmed powder 8,7%, lean cocoa
7,4%, emulsifiers: lecithins [ soja ] vanillin"		"Sucre, huile de palme, NOISETTES 13%, LAIT √©cr√©m√© en poudre 8,7%, cacao maigre
7,4%, √©mulsifiants : l√©cithines [ SOJA ] vanilline"								"sugar, palm oil, noisettes 13%, milk skimmed powder 8,7%, lean cocoa
7,4%, emulsifiers: lecithins [ soja ] vanillin"	Milk, Nuts, Soybeans	en:milk,en:nuts,en:soybeans			false	100g		2252	kJ	539	kcal	30.9	g	10.6	g	57.5	g	56.3	g			6.3	g	0.107	g	0.0428	g	2252	kJ																				en:lid	en:plastic					en:seal	en:aluminium				en:pot	en:glass																					"A conserver au sec et √† l'abri de la chaleur. Ne pas mettre au r√©frig√©rateur."	FERRERO FRANCE COMMERCIALE - Service Consommateurs, CS 90058 - 76136 MONT SAINT AIGNAN Cedex		en:sweets	en:sugary-snacks,en:sweets	4	en:4-ultra-processed-food-and-drink-products	e	26	c	41		31032	-5	-4	0	0								3010176200101	10000187	"P√¢tes √† Tartiner Sucr√©es (Longue Conservation)"	true	2022-07-13T16:02:06+02:00	FERRERO FRANCE COMMERCIALE	2014	2022-07-13T16:02:06+02:00	Producer - Ferrero, Producers, App - yuka, Apps, Producer - ferrero-france-commerciale, Database - Equadis, Database - GDSN, Databases, App - InFood, App - Open Food Facts, App - smoothie-openfoodfacts
59032823	2021-01-21T15:41:16+01:00	fr		Nutella	Nutella	Nutella	Nutella								Nutella		Nutella t630				"P√¢te √† tartiner aux noisettes"				630 g	15g			Nutella	nutella		"Petit-d√©jeuners, Produits √† tartiner, Mati√®res grasses √† tartiner, Produits √† tartiner sucr√©s, P√¢tes √† tartiner, P√¢tes √† tartiner aux noisettes, P√¢tes √† tartiner au chocolat, P√¢tes √† tartiner aux noisettes et au cacao"	en:breakfasts,en:spreads,en:spreadable-fats,en:sweet-spreads,fr:pates-a-tartiner,en:hazelnut-spreads,en:chocolate-spreads,en:cocoa-and-hazelnuts-spreads	Sans gluten, Triman, en:Huile de palme durable, en:Sans gluten	en:no-gluten,fr:triman,en:huile-de-palme-durable,en:sans-gluten	France, Allemagne, Pays-Bas, Portugal, Roumanie, Su√®de, Suisse	en:france,en:germany,en:netherlands,en:portugal,en:romania,en:sweden,en:switzerland	carrefour.fr	carrefour-fr	0		en:Nutella de Rep√∫blica Dominicana	en:nutella-de-republica-dominicana						"Zucker, Palm√∂l, HASELN√úSSE (13 %), MAGERMILCHPULVER (8,7 %), fettarmer Kakao (7,4 %), Emulgator: Lecithine (SOJA), Vanillin."		Az√∫car, aceite de palma, avellanas (13%), skummj√≥lkspulver (8,7%), fettreducerad cacao en polvo (7,4%), emulsionante: lecitinas (soya), vainillina.	Sucre, huile de palme, NOISETTES 13%, LAIT √©cr√©m√© en poudre 8,7%, cacao maigre 7,4%, √©mulsifiants : l√©cithines [ SOJA ] vanilline.							"Socker, palmolja, _HASSELN√ñTTER_ (13%), SKUMMJ√ñLKSPULVER (8,7%), fettreducerad kakao (7,4%), emulgeringsmedel: lecitiner (_SOJA_), vanillin,"		"Lait, Fruits √† coque, Soja"	en:milk,en:nuts,en:soybeans				100g	100g	2252	kJ	539	kcal	30.9	g	10.6	g	57.5	g	56.3	g	3.5	g	6.3	g	0.107	g	0.0428	g	2252	kJ																			1	en:lid	en:plastic	en:recycle		8.4	1	en:backing	en:non-corrugated-cardboard	en:recycle	2.2	1	en:seal	en:aluminium	en:recycle	0.3	1	en:pot	en:clear-glass	en:recycle-in-glass-bin		329.3	2	en:label	en:paper-and-plastic	en:recycle	0.1	en:jar							"A conserver au sec et √† l'abri de la chaleur. Ne pas mettre au r√©frig√©rateur."	FERRERO FRANCE COMMERCIALE - Service Consommateurs, CS 90058 - 76136 MONT SAINT AIGNAN Cedex		en:sweets	en:sugary-snacks,en:sweets	4	en:4-ultra-processed-food-and-drink-products	e	23	d	20		31032	-5	-15	0	0	-10							3010176200101	10000187	"P√¢tes √† Tartiner Sucr√©es (Longue Conservation)"	true	2023-08-22T12:01:20+02:00	FERRERO FRANCE COMMERCIALE		2023-08-22T12:01:20+02:00	App - yuka, Apps, App - ethic-advisor, Producers, Producer - ferrero-france-commerciale, Database - Equadis, Database - GDSN, Databases, App - InFood, App - Open Food Facts, App - Speisekammer, App - smoothie-openfoodfacts
80177128		en		Nutella	Nutella Hazelnut Spread With Cocoa		Nutella				Nutella														400 g	15 g	Plastic, Glass, Jar, Glass-jar, Pp-lid, fr:couvercle en plastique, fr:opercule aluminium, fr:pot en verre	en:plastic,en:glass,en:jar,en:glass-jar,en:pp-lid,fr:couvercle-en-plastique,fr:opercule-aluminium,fr:pot-en-verre	Ferrero,Nutella	ferrero,nutella		"Breakfasts, Spreads, Sweet spreads, fr:P√¢tes √† tartiner, Hazelnut spreads, Chocolate spreads, Cocoa and hazelnuts spreads"	en:breakfasts,en:spreads,en:sweet-spreads,fr:pates-a-tartiner,en:hazelnut-spreads,en:chocolate-spreads,en:cocoa-and-hazelnuts-spreads	Sustainable, No preservatives, Sustainable Palm Oil, Green Dot, Roundtable on Sustainable Palm Oil	en:sustainable,en:no-preservatives,en:sustainable-palm-oil,en:green-dot,en:roundtable-on-sustainable-palm-oil	France, Ireland, Switzerland, United Kingdom	en:france,en:ireland,en:switzerland,en:united-kingdom	Spar	spar	0				New Zealand	new-zealand				Zucker, Palm√∂l, Haseln√ºsse 13%, magerer Kakao 7,4%, Magermilchpulver 6,6%, Molkepulver, Emulgatoren: Lecithine (Soja), Vanillin.	sugar, vegetable oil,  hazelnuts  13%, fat-reduced cocoa 7,4%, skimmed milk powder 6,6%( milk ), whey powder, emulsifier ( soya  lecithin), vanillin		sucre, huile de palme, noisettes 13%, cacao maigre 7,4%, lait √©cr√©m√© en poudre 6,6%, lactos√©rum en poudre, √©mulsifiants : l√©cithines (soja), vanilline.			zucchero, olio di palma, nocciole 13%, cacao magro 7,4%, latte scremato in polvere 6,6%, siero di latte in polvere, emulsionanti: lecitina (soia), vanillina.						Milk, Nuts, Soybeans	en:milk,en:nuts,en:soybeans				100g	100g	2278	kJ			31.6	g	11	g	57.6	g	56.8	g	3.4	g	6	g	0.11	g	0.044	g	2278	kJ																	7.4	g		en:lid	en:pp-5-polypropylene					en:seal	en:aluminium				en:pot	en:glass				en:jar	en:glass																			en:sweets	en:sugary-snacks,en:sweets	4	en:4-ultra-processed-food-and-drink-products	e	23	d	39		31032	-5	-6	0	0																Database - FoodRepo / openfood.ch, Databases, App - yuka, Apps, App - Horizon, App - InFood
80809180	2021-01-21T15:40:19+01:00	en			deko Nutella		Nutella pate a tartiner noisettes-cacao 25g										Nutella 25 gr				Nutella 25 gr				25g	15 g (NUTELLA)	Plastic, Pot, Tray	en:plastic,en:pot,en:tray	Ferrero, Nutella, Ferrero Nutella, Ferrero Nutella Ferrero Nutella, Ferrero Nutella Ferrero Nutella Ferrero Nutella Ferrero Nutella	ferrero,nutella,ferrero-nutella,ferrero-nutella-ferrero-nutella,ferrero-nutella-ferrero-nutella-ferrero-nutella-ferrero-nutella		"Breakfasts, Spreads, Sweet spreads, fr:P√¢tes √† tartiner, Hazelnut spreads, Chocolate spreads, Cocoa and hazelnuts spreads"	en:breakfasts,en:spreads,en:sweet-spreads,fr:pates-a-tartiner,en:hazelnut-spreads,en:chocolate-spreads,en:cocoa-and-hazelnuts-spreads			Belgium, France, Germany	en:belgium,en:france,en:germany	test	test	0										"sugar, palm oil, hazelnuts 13%, skim milk powder 8,7%, lean cocoa
7,4%, emulsifiers: lecithins [ soy ] vanillin,"		Sucre, huile de palme, NOISETTES 13%, LAIT √©cr√©m√© en poudre 8,7%, cacao maigre 7,4%, √©mulsifiants : l√©cithines [ SOJA ] vanilline.									Milk, Nuts, Soybeans	en:milk,en:nuts,en:soybeans			false	100g		2252	kJ	539	kcal	30.9	g	10.6	g	57.5	g	56.3	g	0	g	6.3	g	0.11	g	0.044	g	2252	kJ															13	g	7.4	g		en:tray	en:plastic					en:pot																											"A conserver au sec et √† l'abri de la chaleur. Ne pas mettre au r√©frig√©rateur."	FERRERO FRANCE COMMERCIALE - Service Consommateurs, CS 90058 - 76136 MONT SAINT AIGNAN Cedex		en:sweets	en:sugary-snacks,en:sweets	4	en:4-ultra-processed-food-and-drink-products	e	26	d	20		31032	-5	-15	1	0	-10							3010176200101	10000187	"P√¢tes √† Tartiner Sucr√©es (Longue Conservation)"	true	2022-12-27T17:03:20+01:00	FERRERO FRANCE COMMERCIALE		2022-12-27T17:03:20+01:00	App - yuka, Apps, Producers, Producer - ferrero-france-commerciale, App - Speisekammer, App - InFood, Database - Equadis, Database - GDSN, Databases
8000500382769		fr			Ferrero - NUTELLA Biscuits 5 x 3, 207g (7.4oz)		"Nutella biscuitsüç™"																		207 g	13.8	Plastique, Carton	en:plastic,en:cardboard	Nutella	nutella		Snacks, Snacks sucr√©s, Biscuits et g√¢teaux, Biscuits, Biscuits au chocolat, Biscuits fourr√©s	en:snacks,en:sweet-snacks,en:biscuits-and-cakes,en:biscuits,en:chocolate-biscuits,en:filled-biscuits			France, Italie	en:france,en:italy	Super U,Carrefour,Carrefour Market,Carrefour City,E.leclerc,Auchan,Aldi,Lidl	super-u,carrefour,carrefour-market,carrefour-city,e-leclerc,auchan,aldi,lidl	0												"P√¢te √† tartiner aux _NOISETTES_ et au cacao 40% (sucre, huile de palme, _NOISETTES_ 13%**, _LAIT_ √©cr√©m√© en poudre 8,7%**, cacao maigre 7,4%**, √©mulsifiants: l√©cithines [_SOJA_]; vanilline), farine de _FROMENT_ 32,5%, graisses v√©g√©tales (palme, palmiste), sucre de canne (contient _BLE_) 8,5%, _LACTOSE_, son de _BLE_, _LAIT_ en poudre, extrait en poudre de malt d'ORGE et de ma√Øs, miel, poudres √† lever (diphosphate disodique, carbonate acide d'ammonium, carbonate acide de sodium), cacao maigre, sel, amidon de _FROMENT_, farine d'_ORGE_ malt√©, √©mulsifiants : l√©cithines [_SOJA_]; vanilline.
**Correspond √† 5,2% de noisettes, 3,5% de lait √©cr√©m√© en poudre et 3% de cacao maigre dans le produit fini."									"Gluten, Lait, Fruits √† coque, Soja"	en:gluten,en:milk,en:nuts,en:soybeans				100g	100g	2138	kJ	511	kcal	24.6	g	11.5	g	63.3	g	35.4	g	0	g	7.9	g	0.547	g	0.2188	g	2138	kJ																					en:plastic						en:cardboard																													en:biscuits-and-cakes	en:sugary-snacks,en:biscuits-and-cakes	4	en:4-ultra-processed-food-and-drink-products	e	25	d	30		24036	-5	-11	1	0	-10															App - Yuka, Apps, App - Open Food Facts, App - smoothie-openfoodfacts
0009800800056		en			Nutella & Go !		Nutella & Go																			1 UNIT (52 g)			Nutella	nutella	Ferrero U.S.A., Incorporated	"Snacks, Breakfasts, Spreads, Sweet snacks, Sweet spreads, Biscuits and cakes, fr:P√¢tes √† tartiner, Hazelnut spreads, Chocolate spreads, Cocoa and hazelnuts spreads"	en:snacks,en:breakfasts,en:spreads,en:sweet-snacks,en:sweet-spreads,en:biscuits-and-cakes,fr:pates-a-tartiner,en:hazelnut-spreads,en:chocolate-spreads,en:cocoa-and-hazelnuts-spreads	Made in Italy	en:made-in-italy	France, United States	en:france,en:united-states			0										nutella: sugar, palm oil, hazelnuts, cocoa, skim milk, whey (milk), lecithin as emulsifier (soy), vanillin: an artificial flavor, breadsticks: wheat flour, palm oil, salt, malt extract, baker's yeast,											Milk, Nuts, Soybeans	en:milk,en:nuts,en:soybeans				100g	100g			500	kcal	25	g	8.6538	g	65.3846	g	44.2308	g	3.8462	g	7.6923	g	0.625	g	0.25	g	500	kcal			0	g	10	mg	0	IU	0	mg	77	mg	2.08	mg																																										en:biscuits-and-cakes	en:sugary-snacks,en:biscuits-and-cakes	4	en:4-ultra-processed-food-and-drink-products	e	21	d	20	1	31032	-5	-15	1	0	-10	2018-02-16T00:00:00Z	Crackers & Biscotti	LI	406517	2018-02-16T00:00:00Z	2019-04-01T00:00:00Z									Database - USDA NDB, Databases, App - yuka, Apps, database-usda, App - InFood, App - smoothie-openfoodfacts
80176800		fr			Nutella	Nutella 750g	Nutella												Hazelnut spread with cocoa		Content-type:=application/json				750g	15g	Verre, Bocal, en:Glass-jar, en:Mixed plastic-film, en:Pp-lid, Couvercle plasticle, Pot en verre	en:glass,en:jar,en:glass-jar,en:mixed-plastic-film,en:pp-lid,fr:couvercle-plasticle,fr:pot-en-verre	FERRERO,NUTELLA	ferrero,nutella		"Aliments et boissons √† base de v√©g√©taux, Aliments d'origine v√©g√©tale, Petit-d√©jeuners, Produits √† tartiner, Surgel√©s, P√¢tes √† tartiner v√©g√©tales, Produits √† tartiner sucr√©s, P√¢tes √† tartiner, P√¢tes √† tartiner aux noisettes, P√¢tes √† tartiner au chocolat, P√¢tes √† tartiner aux noisettes et au cacao, de:Namazi"	en:plant-based-foods-and-beverages,en:plant-based-foods,en:breakfasts,en:spreads,en:frozen-foods,en:plant-based-spreads,en:sweet-spreads,fr:pates-a-tartiner,en:hazelnut-spreads,en:chocolate-spreads,en:cocoa-and-hazelnuts-spreads,de:namazi	V√©g√©tarien	en:vegetarian	Alg√©rie, Autriche, Belgique, Croatie, France, Guyane, Polyn√©sie fran√ßaise, Allemagne, Guadeloupe, Hongrie, Irlande, Jordanie, Liban, Martinique, Maroc, Portugal, La R√©union, Roumanie, S√©n√©gal, Serbie, Slov√©nie, Espagne, Tunisie, Royaume-Uni	en:algeria,en:austria,en:belgium,en:croatia,en:france,en:french-guiana,en:french-polynesia,en:germany,en:guadeloupe,en:hungary,en:ireland,en:jordan,en:lebanon,en:martinique,en:morocco,en:portugal,en:reunion,en:romania,en:senegal,en:serbia,en:slovenia,en:spain,en:tunisia,en:united-kingdom	Sainsbury's,SuperValu	sainsbury-s,supervalu	0				Italy,Italie	italy,italie					sugar, palm oil,  hazelnuts  (13%), skimmed  milk  powder (8,7%), fat-reduced cocoa (7,4%), emulsifier: lecithins ( soya ), vanillin.		Sucre, graisse v√©g√©tale, noisettes, lait √©cr√©m√© en poudre, cacao maigre en poudre, √©mulsifiant (l√©cithine), soja, ar√¥me		"cukor, p√°lmaolaj, _MOGYOR√ì_ (13%), zs√≠rszeg√©ny kaka√≥por (7,4%), sov√°ny _TEJPOR_ (6,6%), _TEJSAV√ìPOR_, emulge√°l√≥szer: lecitinek (_SZ√ìJA_); aroma (vanillin)."							"Lait, Fruits √† coque, Soja"	en:milk,en:nuts,en:soybeans				100g	100g	2252	kJ	533	kcal	30.9	g	10.6	g	57.5	g	56.3	g	3	g	6.3	g	0.11	g	0.044	g	2252	kJ																			1	en:jar	en:glass	en:recycle			1	en:lid	en:pp-5-polypropylene	en:recycle		1	en:lid	en:paper	en:recycle		1	en:film	en:cardboard	en:recycle				en:film	en:plastic	en:discard		en:pot	en:glass	en:unknown	en:paper	en:recycle	en:unknown	en:cardboard				en:sweets	en:sugary-snacks,en:sweets	4	en:4-ultra-processed-food-and-drink-products	e	23	d	37		31032	-5	-8	0	0																App - yuka, Apps, App - Horizon, App - InFood, App - Open Food Facts, App - Speisekammer
8000500358696		en			Chocolate spread																								Nutella	nutella		"Breakfasts, Spreads, Sweet spreads, fr:P√¢tes √† tartiner, Hazelnut spreads, Chocolate spreads, Cocoa and hazelnuts spreads"	en:breakfasts,en:spreads,en:sweet-spreads,fr:pates-a-tartiner,en:hazelnut-spreads,en:chocolate-spreads,en:cocoa-and-hazelnuts-spreads	Vegetarian, No gluten	en:vegetarian,en:no-gluten	United Kingdom	en:united-kingdom			0										sugar, palm oil, hazelnuts prote (13%), skimmed milk powder (8,7%), salt salt fat-reduced cocoa (7,4%), emulsifier: *refer (8400 lecithins (soya), vanillin, gluten free, suitable for vegetarians,											Milk, Soybeans	en:milk,en:soybeans				100g	100g			539	kcal	30.9	g	10.6	g	57.5	g	56.3	g			6.3	g	0.107	g	0.0428	g	539	kcal																																																								en:sweets	en:sugary-snacks,en:sweets	4	en:4-ultra-processed-food-and-drink-products	e	26	d	20	1	31032	-5	-15	1	0	-10															App - yuka, Apps, App - InFood
80050100	2014	en		Nutella & Go			Biscuits Nutella & Go bo√Æte - 52g										Nutella & go t.1		Hazelnut spread with breadsticks		"En-cas compos√© de p√¢te √† tartiner aux noisettes et au cacao et de b√¢tonnets c√©r√©aliers"				52 g	52 g (Nutella 39 g et 13 g batonnet)	Plastic, Box	en:plastic,en:box	Ferrero, Nutella	ferrero,nutella		"Snacks, Breakfasts, Spreads, Sweet snacks, Sweet spreads, fr:P√¢tes √† tartiner, Hazelnut spreads, Chocolate spreads, Cocoa and hazelnuts spreads"	en:snacks,en:breakfasts,en:spreads,en:sweet-snacks,en:sweet-spreads,fr:pates-a-tartiner,en:hazelnut-spreads,en:chocolate-spreads,en:cocoa-and-hazelnuts-spreads	Green Dot, Made in Germany	en:green-dot,en:made-in-germany	Belgium, France, Germany, Switzerland	en:belgium,en:france,en:germany,en:switzerland	Aldi	aldi	0				Allemagne,Italie	allemagne,italie				"Zucker, Palm√∂l, _HASELN√úSSE_ (13%), _MAGERMILCHPULVER_ (8,7 %), fettarmer Kakao, Emulgator Lecithine (_SOJA_), Vanillin. _WEIZENMEHL_, Palm√∂l, Salz, _GERSTENMALZEXTRAKTPULVER_, Backhefe."	Zucker, Palm√∂l, HASELNUSSES TO MAGERMILCHPULVER Kakao (7,4%), Emigator Vanillin. Brot-Sticks: Zutaten Palm√∂l, Salz, GERSTENMALZENTRANT PULVER (1,3%), Backhefe. Kann SCIA SENF und LUPINEN enthalten. 8005 0100&quot; 24 12 25 8 nutella.com Consumer Service DE +49 69/665 666-0 Mo.-Fr. 8:30-17:30 Uhr Optimale Aufbewahrung zwischen 18¬∞C und 24¬∞C.		Sucre, huile de palme, NOISETTES 13%, LAIT √©cr√©m√© en poudre 8,7%, cacao maigre 7,4%, √©mulsifiants : l√©cithines [SOJA], vanilline. # Farine de FROMENT, huile de palme, sel, extrait de malt d'ORGE 1,3%, levure de bi√®re. peut contenir MOUTARDE et LUPIN.									Gluten, Milk, Nuts, Soybeans, de:GERSTENMALZEXTRAKTPULVER	en:gluten,en:milk,en:nuts,en:soybeans,de:gerstenmalzextraktpulver	Lupin, Soybeans, Moutarde	en:lupin,en:soybeans,en:moutarde	null	100g	100g	2126	kJ	508	kcal	25.2	g	9	g	61.6	g	43.7	g			7.3	g	0.61	g	0.244	g	2126	kJ																				en:box	en:plastic																																	FERRERO FRANCE COMMERCIALE - Service Consommateurs, CS 90058 - 76136 MONT SAINT AIGNAN Cedex		en:sweets	en:sugary-snacks,en:sweets		unknown	e	25	d	35		31032	-5	-10	1	0								3010176200101	10000187	"P√¢tes √† Tartiner Sucr√©es (Longue Conservation)"	true	2023-06-02T15:02:35+02:00	FERRERO FRANCE COMMERCIALE	2014	2023-06-02T15:02:35+02:00	Database - FoodRepo / openfood.ch, Databases, Producer - Ferrero, Producers, App - yuka, Apps, Producer - ferrero-france-commerciale, Database - Equadis, Database - GDSN, App - InFood, App - Open Food Facts, App - Speisekammer, App - smoothie-openfoodfacts
8000500225615		en			Nutella Ferrero			Nutella Hazelnut Spread With Cocoa											hazelnut spread with cocoa.						290 g	15 g	Glass, Clear Glass, Jar	en:glass,en:clear-glass,en:jar	Nutella,Ferrero	nutella,ferrero		"Breakfasts, Spreads, Sweet spreads, fr:P√¢tes √† tartiner, Hazelnut spreads, Chocolate spreads, Cocoa and hazelnuts spreads"	en:breakfasts,en:spreads,en:sweet-spreads,fr:pates-a-tartiner,en:hazelnut-spreads,en:chocolate-spreads,en:cocoa-and-hazelnuts-spreads	No preservatives, No colorings	en:no-preservatives,en:no-colorings	Bolivia, India, Turkey	en:bolivia,en:india,en:turkey	Hipermaxi	hipermaxi	0		Turkey	en:turkey	Manisa,Turqu√≠a	manisa,turquia	020503190052	020503190052			SUGAR, EDIBLE VEGETABLE OIL, HAZELNUTS 13%, LOW FAT COCOA POWDER 7.4%, SKIMMED COW MILK POWDER 6.6%, WHEY POWDER, EMULSIFIER (LECITHIN (INS 322)), FLAVOUR (NATURE IDENTICAL FLAVOURING SUBSTANCE (VANILLIN)).											Milk, Nuts, Soybeans	en:milk,en:nuts,en:soybeans				100g	100g			533	kcal	30.9	g	10.6	g	57.5	g	56.3	g			6.3	g					533	kcal			0.1	g															1	en:jar	en:clear-glass				1	en:lid	en:plastic			1	en:label	en:paper																								en:sweets	en:sugary-snacks,en:sweets	4	en:4-ultra-processed-food-and-drink-products			c	41		31032	-5	-4	0	0																App - yuka, Apps
7898024395232		pt			Nutella Ferrero	Nutella Ferrero							Nutella Ferrero						creme de avela com cacau.	creme de avela com cacau.				creme de avela com cacau.	140 g	1 colher 20 g	Pl√°stico, PET 1 - Tereftalato de polietileno, Jarro, PET - transparente	en:plastic,en:pet-1-polyethylene-terephthalate,en:jar,en:pet-transparent	Nutella	nutella		"Pequenos alomo√ßos, Produtos para barrar, Doces para barrar, fr:P√¢tes √† tartiner, Creme para barrar de avel√£, Creme para barrar de chocolate, Creme para barrar de avel√£ e cacau"	en:breakfasts,en:spreads,en:sweet-spreads,fr:pates-a-tartiner,en:hazelnut-spreads,en:chocolate-spreads,en:cocoa-and-hazelnuts-spreads			Bol√≠via, Brasil, Col√¥mbia, Peru, Espanha	en:bolivia,en:brazil,en:colombia,en:peru,en:spain			0		Brasil	en:brazil	Po√ßos de Caldas,Minas Gerais,Brasil	pocos-de-caldas,minas-gerais,brasil	080503140007,NSA 002397-2016,RS G8750415E/NAKNDV	080503140007,nsa-002397-2016,rs-g8750415e-nakndv				"AZUCAR, GRASA VEGETAL,
AVELLANAS (13%), LECHE DESCREMADA
EN POLVO (8,7%), CACAO EN POLVO
DESGRASADO (7,4%), EMULSIFICANTE
(LECITINAS), SABORIZANTE"						"A√ß√∫car, √ìleo Vegetal (√ìleo de Palma), Avel√£s 13%, Leite Desnatado em P√≥ 8.7%, Cacau Em P√≥ Parcialmente Desengordurado 7.4%, Emulsificante (Lecitinas), Aromatizante."				Leite, Nozes, Soja	en:milk,en:nuts,en:soybeans				serving	100g	446	kJ	107	kcal	6.2	g	2.1	g	12	g			0.6	g	1.3	g	21	mg	8.4	mg	446	kJ			0	g															1	en:jar	en:pet-transparent	en:recycle			1	en:lid	en:plastic			1	en:label	en:paper																							https://www.nutella.com/	en:sweets	en:sugary-snacks,en:sweets	4	en:4-ultra-processed-food-and-drink-products			d	26		31032	-4	-10	0	0	-10															App - yuka, Apps, App - Open Food Facts
5020411121151		en			Nutella																						Glass-jar, Hdpe-lid	en:glass-jar,en:hdpe-lid	Ferrero,Nutella	ferrero,nutella		"Breakfasts, Spreads, Sweet spreads, fr:P√¢tes √† tartiner, Hazelnut spreads, Chocolate spreads, Cocoa and hazelnuts spreads"	en:breakfasts,en:spreads,en:sweet-spreads,fr:pates-a-tartiner,en:hazelnut-spreads,en:chocolate-spreads,en:cocoa-and-hazelnuts-spreads	No gluten, V√©g√©tarien	en:no-gluten,en:vegetarien	United Kingdom	en:united-kingdom			0										Sugar, palm oil, HAZELNUTS (13%), skimmed emulsifier: lecithins (SOYA), vanillin. Gluten free. Mƒ∞LK powder (8.7%), fat-reduced cocoa (7.4%), Today is going to taste gr nutella SUITABLE FOR VEGETARIANS. BEST Drre 18		Sugar, Palm Oil, Hazelnuts (13%), Fat-Reduced Cocoa (7.4%), Skimmed Milk Whey Powder (Milk), Emulsifier: Lecithin (Soya), Vanillin,									Milk, Nuts, Soybeans	en:milk,en:nuts,en:soybeans				100g	100g	2278	kJ	539	kcal	30.9	g	10.6	g	57.5	g	56.3	g			6.3	g	0.1075	g	0.043	g	2278	kJ																				en:jar	en:glass					en:lid	en:hdpe-high-density-polyethylene																													en:sweets	en:sugary-snacks,en:sweets	4	en:4-ultra-processed-food-and-drink-products	e	26	d	32		31032	-5	-3	0	0	-10															App - yuka, Apps, App - Horizon, App - InFood, App - IsVe, App - smoothie-openfoodfacts
80895237		en			Nutella		Nutella																		700g				Nutella, Ferrero	nutella,ferrero		"Breakfasts, Spreads, Sweet spreads, fr:P√¢tes √† tartiner, Hazelnut spreads, Chocolate spreads, Cocoa and hazelnuts spreads"	en:breakfasts,en:spreads,en:sweet-spreads,fr:pates-a-tartiner,en:hazelnut-spreads,en:chocolate-spreads,en:cocoa-and-hazelnuts-spreads	Green Dot	en:green-dot	Austria, Belgium, Bulgaria, Croatia, France, Germany, Hungary, Romania, Russia, Serbia, Slovenia, Spain, Switzerland, Frankreich	en:austria,en:belgium,en:bulgaria,en:croatia,en:france,en:germany,en:hungary,en:romania,en:russia,en:serbia,en:slovenia,en:spain,en:switzerland,en:frankreich			0										sugar, palm oil, noisettes 13%, milk skimmed powder 8,7%, lean cocoa 7,4%, emulsifiers: lecithins (soja), vanillin		Sucre, huile de palme, NOISETTES 13%, LAIT √©cr√©m√© en poudre 8,7%, cacao maigre 7,4%, √©mulsifiants: l√©cithines (SOJA); vanilline				Suiker, palmolie, HAZELNOTEN 13%, magere MELKPOEDER 8,7%, magere cacao 7,4%, emulgatoren : lecithinen (SOJA): vanilline					Milk, Nuts, Soybeans	en:milk,en:nuts,en:soybeans				100g	100g			539	kcal	30.9	g	10.6	g	57.5	g	56.3	g	0	g	6.3	g	0.1075	g	0.043	g	539	kcal																																																								en:sweets	en:sugary-snacks,en:sweets	4	en:4-ultra-processed-food-and-drink-products	e	26	d	20	1	31032	-5	-15	1	0	-10															App - yuka, Apps, App - InFood, App - Speisekammer
80051671		es				Nutella																			1	18 g			Nutella	nutella		Desayunos, Untables, Untables dulces, Cremas para untar, Cremas a base de avellanas, Cremas de chocolate, Cremas de cacao y avellanas	en:breakfasts,en:spreads,en:sweet-spreads,fr:pates-a-tartiner,en:hazelnut-spreads,en:chocolate-spreads,en:cocoa-and-hazelnuts-spreads	Sin colorantes	en:no-colorings	Francia, Espa√±a	en:france,en:spain			0											60															serving	100g	410	kJ	100	kcal	6	g	2	g	10	g	10	g	1	g	1	g	0.1	g	0.04	g	410	kJ																																																								en:sweets	en:sugary-snacks,en:sweets		unknown	e	23	d	30	1	31032	-5	-15	1	0																App - elcoco, App - yuka, Apps, App - El CoCo
0000844690016		en			B-ready																					1.0g			Nutella	nutella		Snacks, Sweet snacks, Bars, Biscuits and cakes, Biscuits, Chocolate biscuits	en:snacks,en:sweet-snacks,en:bars,en:biscuits-and-cakes,en:biscuits,en:chocolate-biscuits			United States	en:united-states			0																										100g	100g			110	kcal	6	g	2	g	14	g			1	g	2	g					110	kcal																																																								en:biscuits-and-cakes	en:sugary-snacks,en:biscuits-and-cakes		unknown			d	36	1	24036	-5	-15	1	0																
0712411768249		en			Chocolate hazelnut spread																								Nutella	nutella						United States	en:united-states			0																										100g	100g			540.54054054054	kcal	37.837837837838	g	10.810810810811	g	59.459459459459	g	56.756756756757	g	59.459459459459	g	5.4054054054054	g	0.10135135135135	g	0.04054054054054	g	540.54054054054	kcal																																																											unknown			unknown		1		-5	-15	1	0																App - Yuka, Apps
8000500340622		en					"P√¢te √† tartiner"				Nutella														925g	15g	fr:couvercle en plastique, fr:opercule aluminium, fr:pot en verre	fr:couvercle-en-plastique,fr:opercule-aluminium,fr:pot-en-verre	Nutella	nutella		"Breakfasts, Spreads, Sweet spreads, fr:P√¢tes √† tartiner, Hazelnut spreads, Chocolate spreads, Cocoa and hazelnuts spreads"	en:breakfasts,en:spreads,en:sweet-spreads,fr:pates-a-tartiner,en:hazelnut-spreads,en:chocolate-spreads,en:cocoa-and-hazelnuts-spreads	Sustainable, No gluten, Sustainable Palm Oil, Green Dot, Roundtable on Sustainable Palm Oil	en:sustainable,en:no-gluten,en:sustainable-palm-oil,en:green-dot,en:roundtable-on-sustainable-palm-oil	France, Italy	en:france,en:italy	Coop	coop	0				Italia, Francia, Germania	italia,francia,germania					sugar, palm oil, hazelnuts (13%), skimmed milk powder (8,7 per cent), cocoa (7,4%), emulsifier: lecithins (soya), vanilla extract, gluten-free,					Zucchero, olio di palma, NOCCIOLE (13%), LATTE scremato in polvere (8,70 cacao magro (7,4%), emulsionanti: Ilecitine (SOIA), vanillina. Senza glutine.						Nuts, Soybeans	en:nuts,en:soybeans	Milk, Nuts, Soybeans	en:milk,en:nuts,en:soybeans		100g	100g			539	kcal	30.9	g	10.5	g	57.5	g	56.3	g			6.3	g	0.107	g	0.0428	g	539	kcal																				en:lid	en:plastic					en:seal	en:aluminium				en:pot	en:glass																							nutella.com	en:sweets	en:sugary-snacks,en:sweets	4	en:4-ultra-processed-food-and-drink-products	e	26	c	41		31032	-5	-4	0	0																App - yuka, Apps, App - InFood, App - Open Food Facts
9300698503762		en			Nutella B-Ready																				"132ÿ∫ÿ±ÿßŸÖ"				Nutella,	nutella		Snacks, Sweet snacks, Cocoa and its products, Confectioneries, Bars, Chocolate candies, Bars covered with chocolate	en:snacks,en:sweet-snacks,en:cocoa-and-its-products,en:confectioneries,en:bars,en:chocolate-candies,en:bars-covered-with-chocolate	Made in Italy	en:made-in-italy	Australia	en:australia	Woolworths,Coles,	woolworths,coles	0																										100g	100g			513.8623	kcal	26.8182	g	9.5455	g	60.9091	g	47.2727	g			7.2727	g	0.5454545	g	0.2181818	g	513.8623	kcal																																																								en:biscuits-and-cakes	en:sugary-snacks,en:biscuits-and-cakes		unknown	e	27	unknown		1		-5	-15	1	0																App - yuka, Apps
36036103		en			Chocolate spread																								Nutella	nutella						United Kingdom	en:united-kingdom			0																										100g	100g			539	kcal	30.9	g	10.6	g	57.5	g	56.3	g			6.3	g					539	kcal																																																											unknown			unknown		1		-5	-15	1	0																App - Yuka, Apps
6956732008323		fr					Chocolate brownie																						Nutella	nutella						France	en:france			0																										100g	100g			369	kcal	0.6	g	0	g	86	g	49	g			4.7	g	2.1	g	0.84	g	369	kcal																																																											unknown			unknown		1		-5	-15	1	0																App - yuka, Apps
8000500082379		fr	Nutella	Nutella	Nutella	Nutella	Nutella			Nutella				Nutella							"P√¢tes √† tartiner aux noisettes et au cacao"				1 kg	15 g	Verre, Pot, Couvercle en plastique, Opercule aluminium, Pot en verre	en:glass,en:pot,fr:couvercle-en-plastique,fr:opercule-aluminium,fr:pot-en-verre	Ferrero,Nutella	ferrero,nutella		"Petit-d√©jeuners, Produits √† tartiner, en:Festive foods, Produits √† tartiner sucr√©s, Aliments et boissons de No√´l, P√¢tes √† tartiner, P√¢tes √† tartiner aux noisettes, P√¢tes √† tartiner au chocolat, P√¢tes √† tartiner aux noisettes et au cacao"	en:breakfasts,en:spreads,en:festive-foods,en:sweet-spreads,en:christmas-foods-and-drinks,fr:pates-a-tartiner,en:hazelnut-spreads,en:chocolate-spreads,en:cocoa-and-hazelnuts-spreads	en:Sustainable, Huile de palme durable, RSPO	en:sustainable,en:sustainable-palm-oil,en:roundtable-on-sustainable-palm-oil	Autriche, France, Maroc, Espagne, Suisse	en:austria,en:france,en:morocco,en:spain,en:switzerland	Dia,Migros	dia,migros	0								"–ó–∞—Ö–∞—Ä, –ø–∞–ª–º–æ–≤–æ –º–∞—Å–ª–æ, _–õ–ï–®–ù–ò–¶–ò_ 13%, –æ–±–µ–∑–º–∞—Å–ª–µ–Ω–æ —Å—É—Ö–æ _–º–ª—è–∫–ö–æ_ 8,7%, –∫–∞–∫–∞–æ –Ω–∞ –ø—Ä–∞—Ö —Å –Ω–∞–º–∞–ª–µ–Ω–æ —Å—ä–î—å—Ä–∂–∞–Ω–∏–µ –Ω–∞ –º–∞–∑–Ω–∏–Ω–∏ 7,4%, –µ–º—É–ª–≥–∞—Ç–æ—Ä: –ª–µ—Ü–∏—Ç–∏–Ω–∏ (_—Å–æ—è_), –≤–∞–Ω–∏–ª–∏–Ω"	"Zucker, Palm√∂l, _HASELN√úSSE_ 13%, _MAGERMILCHPULVER 8,7%, fettarmer Kakao 7,4%, Emulgator: Lechitine (SOJA), Vanillin"	sugar, palm oil, _hazelnuts_ (13%), skimmed _milk_ powder (8,7 %), lean cocoa (7,4 %), emulsifier: lecithins (_soya_), vanillin,	az√∫car, manteca de palma, AVELLANAS (13%), LECHE desnatada en polvo (8,7%), cacao desgrasado (7,4%), emulgentes: lecitinas (SOJA), vainillina.	Sucre, huile de palme, _NOISETTES_ 13%, _LAIT_ √©cr√©m√© en poudre 8,7%, cacao maigre 7,4%, √©mulsifiant: l√©cithines (_SOJA_), vanilline		"cukor, p√°lmaolaj, MOGYOR√ì (13%), sov√°ny TEJPOR (8,7%), zs√≠rszeg√©ny kaka√≥por (7,49%), emulge√°l√≥szer: lecitinek (SZ√ìJA); aroma (vanillin)."				"zahƒÉr, ulei de palmier, ALUNE DE PƒÇDURE (13%), LAPTE praf degresat (8,7%), cacao degresatƒÉ pudrƒÉ (7,4%), emulgator: lecitinƒÉ (SOIA), vanilinƒÉ."			"Lait, Fruits √† coque, Soja"	en:milk,en:nuts,en:soybeans				100g	100g	2252	kJ	539	kcal	30.9	g	10.6	g	57.5	g	56.3	g			6.3	g	0.107	g	0.0428	g	2252	kJ																				en:lid	en:plastic					en:seal	en:aluminium				en:pot	en:glass																								en:sweets	en:sugary-snacks,en:sweets	4	en:4-ultra-processed-food-and-drink-products	e	26	c	41		31032	-5	-4	0	0																App - yuka, Apps, App - InFood
22108203		en			Nutella														hazelnut spread with cocoa - tartinade aux noisettes avec cacao						375g				Ferrero, Nutella	ferrero,nutella		"Breakfasts, Spreads, Sweet spreads, fr:P√¢tes √† tartiner, Hazelnut spreads, Chocolate spreads, Cocoa and hazelnuts spreads"	en:breakfasts,en:spreads,en:sweet-spreads,fr:pates-a-tartiner,en:hazelnut-spreads,en:chocolate-spreads,en:cocoa-and-hazelnuts-spreads	Kosher, Orthodox Union Kosher	en:kosher,en:orthodox-union-kosher	Canada	en:canada			0																										100g	100g																																																																														en:sweets	en:sugary-snacks,en:sweets		unknown			d	30	1	31032	-5	-15	1	0																App - smoothie-openfoodfacts, Apps
0009800800155		en			Nutella go																								Nutella	nutella		"Breakfasts, Spreads, Sweet spreads, fr:P√¢tes √† tartiner, Hazelnut spreads, Chocolate spreads, Cocoa and hazelnuts spreads"	en:breakfasts,en:spreads,en:sweet-spreads,fr:pates-a-tartiner,en:hazelnut-spreads,en:chocolate-spreads,en:cocoa-and-hazelnuts-spreads			United States	en:united-states			0																										100g	100g			500	kcal	25	g	8.6538461538462	g	65.384615384615	g	44.230769230769	g	3.8461538461538	g	7.6923076923077	g					500	kcal																																																								en:sweets	en:sugary-snacks,en:sweets		unknown			d	30	1	31032	-5	-15	1	0																App - Yuka, Apps
5020411121182		en			Nutella & Go!		Nutella & Go!																		48 g e	48 g	Plastic, Pot	en:plastic,en:pot	Nutella,Ferrero	nutella,ferrero		"Snacks, Breakfasts, Spreads, Sweet snacks, Sweet spreads, fr:P√¢tes √† tartiner, Hazelnut spreads, Chocolate spreads"	en:snacks,en:breakfasts,en:spreads,en:sweet-snacks,en:sweet-spreads,fr:pates-a-tartiner,en:hazelnut-spreads,en:chocolate-spreads			India, United Kingdom	en:india,en:united-kingdom			0										sugar, palm oil, hazelnuts (13%), fat-reduced cocoa (7,4%), skimmed milk powder (6,6%), whey powder (milk), emulsifier: lecithin (soya), vanillin, breadsticks: wheat flour, palm oil, sait, malt extract, baker's yeast,		"P√¢te √† tartiner aux noisettes et cacao : sucre, huile de palme, _noisettes_ 13%, cacao maigre 7,4%, _lait_ √©cr√©m√© en poudre 6,6%, _lactos√©rum_ en poudre, √©mulsifiants : l√©cithines [_soja_], vanilline.

B√¢tonnets c√©r√©aliers : farine de _froment_, huile de palme, sel, levure de bi√®re, extrait de malt d'_orge_."									Gluten, Milk, Nuts, Soybeans	en:gluten,en:milk,en:nuts,en:soybeans	Soybeans	en:soybeans		100g	100g	2130	kJ	509	kcal	25	g	9	g	62	g	42.3	g			7.4	g	0.686	g	0.2744	g	2130	kJ																				en:pot	en:plastic																																		https://www.ferrero.fr/nutella-and-go	en:sweets	en:sugary-snacks,en:sweets	4	en:4-ultra-processed-food-and-drink-products	e	26	d	25		31032	-5	-10	1	0	-10															App - yuka, Apps, App - InFood
93698535		en			nutella & go																								Nutella	nutella		Snacks, Sweet snacks, Cocoa and its products, Confectioneries, Bars, Chocolate candies, Bars covered with chocolate	en:snacks,en:sweet-snacks,en:cocoa-and-its-products,en:confectioneries,en:bars,en:chocolate-candies,en:bars-covered-with-chocolate			Australia	en:australia	Woolworths, Coles, Kmart, Big-W	woolworths,coles,kmart,big-w	0										sugar, vegetable oil (palm), hazelnuts (13%), skim milk powder (8.7%), fat-reduced cocoa powder (7.4%), emulsifier (lecithins) (soy), flavouring (vanillin). total milk solids: 8.7%. total cocoa solids::7.4%. contains hazelnuts											Nuts, Soybeans	en:nuts,en:soybeans				100g	100g			503.9038	kcal	25	g	8.9583	g	62.0833	g	42.2917	g			7.5	g	0.67708325	g	0.2708333	g	503.9038	kcal																																																								en:biscuits-and-cakes	en:sugary-snacks,en:biscuits-and-cakes	4	en:4-ultra-processed-food-and-drink-products	e	26	unknown		1		-5	-15	1	0	-10															App - yuka, Apps, App - InFood
3859893512032		hr			Nutella				Nutella																				Nutella,Ferrero	nutella,ferrero		"en:Breakfasts, Namazi, en:Sweet spreads, fr:P√¢tes √† tartiner, en:Hazelnut spreads, ƒåokoladni namazi, en:Cocoa and hazelnuts spreads"	en:breakfasts,en:spreads,en:sweet-spreads,fr:pates-a-tartiner,en:hazelnut-spreads,en:chocolate-spreads,en:cocoa-and-hazelnuts-spreads			Hrvatska	en:croatia			0										tell regelmatig geteste vulture-cocoa cream product, ingredients: sugar, palm oil, hazelnuts (13%), skimmed milk powder (8.7%), cocoa reduced fat (7.4%), emulsifier: lecithins (soy), vanilla, nutritional values (100 g): energy 2252 kj/			"≈†eƒáer, palmino ulje, LJE≈†NJACI (13%), obrano MLIJEKO u prahu (8,7%), kakao smanjene masti (7,4%), emulgator: lecitini (SOJA); vanilin"								Laktoza, Ora≈°aste plodove, Soje	en:milk,en:nuts,en:soybeans				100g	100g	2252	kJ	539	kcal	30.9	g	10.6	g	57.5	g	56.3	g			6.3	g	0.107	g	0.0428	g	2252	kJ																																																								en:sweets	en:sugary-snacks,en:sweets	4	en:4-ultra-processed-food-and-drink-products	e	26	d	20	1	31032	-5	-15	1	0	-10															App - InFood, Apps
0062020000248		en			Nutella																				750g	15 g	Pet-bottle, Plastic Jar	en:pet-bottle,en:plastic-jar	Ferrero,Nutella	ferrero,nutella		"Breakfasts, Spreads, Sweet spreads, fr:P√¢tes √† tartiner, Hazelnut spreads, Chocolate spreads, Cocoa and hazelnuts spreads"	en:breakfasts,en:spreads,en:sweet-spreads,fr:pates-a-tartiner,en:hazelnut-spreads,en:chocolate-spreads,en:cocoa-and-hazelnuts-spreads	Australian made	en:australian-made	Australia	en:australia	Coles	coles	0		Australia	en:australia	Australia	australia					sugar, vegetable oil (palm*), hazelnuts (13%), skim milk powder (8.7%), fat-reduced cocoa powder (7.4%), emulsifier (lecithins) (soy), flavouring (vanillin). total milk solids: 8.7%. total cocoa solids: 7.4%. *sustainable and segregated certified palm oil contains hazelnuts, milk, soy.											Milk, Nuts, Soybeans	en:milk,en:nuts,en:soybeans			null	100g	100g			528.9994	kcal	30.666666666667	g	10.666666666667	g	57.333333333333	g	56	g			6	g	0.1	g	0.04	g	528.9994	kcal																				en:jar	en:plastic					en:bottle	en:pet-1-polyethylene-terephthalate																													en:sweets	en:sugary-snacks,en:sweets	4	en:4-ultra-processed-food-and-drink-products	e	26	d	28		31032	3	-15	1	0	-10															App - yuka, Apps, App - Horizon, App - InFood, App - smoothie-openfoodfacts
56587982		en			Nutella																								Nutella	nutella		"Breakfasts, Spreads, Sweet spreads, fr:P√¢tes √† tartiner, Hazelnut spreads, Chocolate spreads, Cocoa and hazelnuts spreads"	en:breakfasts,en:spreads,en:sweet-spreads,fr:pates-a-tartiner,en:hazelnut-spreads,en:chocolate-spreads,en:cocoa-and-hazelnuts-spreads			United States	en:united-states			0																										100g	100g			540.54054054054	kcal	29.72972972973	g	10.810810810811	g	59.459459459459	g	56.756756756757	g	2.7027027027027	g	5.4054054054054	g	0.10135135135135	g	0.04054054054054	g	540.54054054054	kcal																																																								en:sweets	en:sugary-snacks,en:sweets		unknown	e	24	d	30	1	31032	-5	-15	1	0																App - Yuka, Apps
44445133		fr					Chocolate spread																						Nutella	nutella						Canada	en:canada			0																										100g	100g			526.31578947368	kcal	31.578947368421	g	10.526315789474	g	57.894736842105	g	57.894736842105	g	5.2631578947368	g	5.2631578947368	g	0.13157894736842	g	0.052631578947368	g	526.31578947368	kcal																																																											unknown			unknown		1		-5	-15	1	0																App - Yuka, Apps
0009800801107		en			Mini cups														Hazelnut Spread with Skim Milk & Cocoa						10 MINI CUPS - 5.2 OZ (150 g)	2 cup (30 g)	Box	en:box	Nutella,Ferrero	nutella,ferrero	Ferrero U.S.A., Incorporated	"Plant-based foods and beverages, Plant-based foods, Breakfasts, Fats, Spreads, Sweet spreads, Vegetable fats, fr:P√¢tes √† tartiner, Hazelnut spreads, Chocolate spreads, Cocoa and hazelnuts spreads"	en:plant-based-foods-and-beverages,en:plant-based-foods,en:breakfasts,en:fats,en:spreads,en:sweet-spreads,en:vegetable-fats,fr:pates-a-tartiner,en:hazelnut-spreads,en:chocolate-spreads,en:cocoa-and-hazelnuts-spreads			United States	en:united-states			0				Germany	germany					Sugar, palm oil, hazelnuts, cocoa, skim milk, whey (milk), lecithin as emulsifier (soy), vanillin: an artificial flavor.											Milk, Nuts, Soybeans	en:milk,en:nuts,en:soybeans				100g	100g			533.33333333333	kcal	30	g	10	g	60	g	56.666666666667	g	0.33333333333333	g	6.6666666666667	g	0.10833333333333	g	0.043333333333332	g	533.33333333333	kcal	90	kcal	0	g	17	mg	0	IU	0	mg	133	mg	2.4	mg						en:box																																				en:sweets	en:sugary-snacks,en:sweets	4	en:4-ultra-processed-food-and-drink-products	e	20	d	25		31032	-5	-10	0	0	-10	2017-07-14T00:00:00Z	Nut & Seed Butters	LI	400005	2017-07-14T00:00:00Z	2019-04-01T00:00:00Z									Databases, database-usda, App - Yuka, Apps
93698405		en			Nutella																				30g		Plastic	en:plastic	Ferrero,Nutella	ferrero,nutella		"Breakfasts, Spreads, Sweet spreads, fr:P√¢tes √† tartiner, Hazelnut spreads, Chocolate spreads, Cocoa and hazelnuts spreads"	en:breakfasts,en:spreads,en:sweet-spreads,fr:pates-a-tartiner,en:hazelnut-spreads,en:chocolate-spreads,en:cocoa-and-hazelnuts-spreads			Australia	en:australia			0																										100g	100g																																											en:plastic																																			en:sweets	en:sugary-snacks,en:sweets		unknown			d	35		31032	-5	-10	1	0																
36454860		en			Nutella glass																						Glass	en:glass	Nutella	nutella		"Breakfasts, Spreads, Sweet spreads, fr:P√¢tes √† tartiner, Hazelnut spreads, Chocolate spreads, Cocoa and hazelnuts spreads"	en:breakfasts,en:spreads,en:sweet-spreads,fr:pates-a-tartiner,en:hazelnut-spreads,en:chocolate-spreads,en:cocoa-and-hazelnuts-spreads			France, Italy, United Kingdom	en:france,en:italy,en:united-kingdom			0																										100g	100g			539	kcal	30.9	g	10.6	g	57.5	g	56.3	g					0.107	g	0.0428	g	539	kcal																					en:glass																																			en:sweets	en:sugary-snacks,en:sweets		unknown			c	43		31032	-5	-2	0	0																App - off, Apps, App - Open Food Facts
0009800892204		en			Ferrero, nutella, hazelnut spread with cocoa																				1 kg	2 Tbsp (37 g)	Pot	en:pot	Ferrero,Nutella	ferrero,nutella	Ferrero U.S.A., Incorporated	"Plant-based foods and beverages, Plant-based foods, Breakfasts, Fats, Spreads, Sweet spreads, Vegetable fats, fr:P√¢tes √† tartiner, Hazelnut spreads, Chocolate spreads, Cocoa and hazelnuts spreads"	en:plant-based-foods-and-beverages,en:plant-based-foods,en:breakfasts,en:fats,en:spreads,en:sweet-spreads,en:vegetable-fats,fr:pates-a-tartiner,en:hazelnut-spreads,en:chocolate-spreads,en:cocoa-and-hazelnuts-spreads	Fabriqu√© au Canada	en:fabrique-au-canada	Canada, Switzerland, United States	en:canada,en:switzerland,en:united-states			0				Canada	canada					Sugar, palm oil, hazelnuts, cocoa, skim milk, whey (milk), lecithin as emulsifier (soy), vanillin: an artificial flavor.											Milk, Nuts, Soybeans	en:milk,en:nuts,en:soybeans				100g	100g			541	kcal	32.43	g	10.81	g	62.16	g	56.76	g	2.7	g	5.41	g	102.5	mg	41	mg	541	kcal	110	kcal	0	g	14	mg	0	IU	0	mg	108	mg	1.95	mg						en:pot																																				en:sweets	en:sugary-snacks,en:sweets	4	en:4-ultra-processed-food-and-drink-products	d	18	d	25		31032	-5	-10	0	0	-10	2019-01-06T00:00:00Z	Nut & Seed Butters	LI	627306	2019-01-06T00:00:00Z	2019-12-06T00:00:00Z									Databases, database-usda
0009800895007		en			Hazelnut spread with cocoa, cocoa														hazelnut spread with cocoa						13 oz	2 Tbsp (37 g)	Plastic, Pet-tub	en:plastic,en:pet-tub	Ferrero,Nutella	ferrero,nutella	Ferrero U.S.A., Incorporated	"Plant-based foods and beverages, Plant-based foods, Breakfasts, Fats, Spreads, Sweet spreads, Vegetable fats, fr:P√¢tes √† tartiner, Hazelnut spreads, Chocolate spreads, Cocoa and hazelnuts spreads"	en:plant-based-foods-and-beverages,en:plant-based-foods,en:breakfasts,en:fats,en:spreads,en:sweet-spreads,en:vegetable-fats,fr:pates-a-tartiner,en:hazelnut-spreads,en:chocolate-spreads,en:cocoa-and-hazelnuts-spreads	No gluten	en:no-gluten	United States	en:united-states	7eleven,CTown Supermarkets	7eleven,ctown-supermarkets	0				Canada	canada					sugar, palm oil, hazelnuts, cocoa, skim milk, whey (milk), lecithin as emulsifier (soy), vanillin: an artificial flavor,											Milk, Nuts, Soybeans	en:milk,en:nuts,en:soybeans				100g	100g			541	kcal	32.43	g	10.81	g	62.16	g	56.76	g	2.7	g	5.41	g	0.1025	g	0.041	g	541	kcal			0	g	14	mg	0	IU	0	mg	108	mg	1.95	mg							en:pet-1-polyethylene-terephthalate																																			en:sweets	en:sugary-snacks,en:sweets	4	en:4-ultra-processed-food-and-drink-products	d	18	d	27		31032	-5	-8	0	0	-10	2019-07-11T00:00:00Z	Nut & Seed Butters	LI	622734	2019-07-11T00:00:00Z	2019-12-06T00:00:00Z									App - yuka, Apps, Databases, database-usda, App - Horizon, App - InFood
0009800895250		en			Nutella hazelnut spread with cocoa														Hazelnut spread with skim milk & cacao						750 g	2 tbsp (37 g)	Glass, Jar, Lid, Pet-bottle	en:glass,en:jar,en:lid,en:pet-bottle	Ferrero, Nutella, Kroger	ferrero,nutella,kroger	Ferrero U.S.A., Incorporated	"Plant-based foods and beverages, Plant-based foods, Breakfasts, Fats, Spreads, Sweet spreads, Vegetable fats, fr:P√¢tes √† tartiner, Hazelnut spreads, Chocolate spreads, Cocoa and hazelnuts spreads"	en:plant-based-foods-and-beverages,en:plant-based-foods,en:breakfasts,en:fats,en:spreads,en:sweet-spreads,en:vegetable-fats,fr:pates-a-tartiner,en:hazelnut-spreads,en:chocolate-spreads,en:cocoa-and-hazelnuts-spreads	Verified	en:verified	United States	en:united-states			0										sugar, palm oil, hazelnuts, cocoa, skim milk, whey (milk), lecithin as emulsifier (soy), vanillin: an artificial flavor,											Milk, Nuts, Soybeans	en:milk,en:nuts,en:soybeans			off	100g	100g			541	kcal	32.43	g	10.81	g	62.16	g	56.76	g	2.7	g	5.41	g	102.5	mg	41	mg	541	kcal	110	kcal	0	g	14	mg	0	IU	0	mg	108	mg	1.95	mg						en:bottle	en:pet-1-polyethylene-terephthalate					en:jar	en:glass				en:lid																								http://www.ferrero.fr/nutella	en:sweets	en:sugary-snacks,en:sweets	4	en:4-ultra-processed-food-and-drink-products	d	18	d	26		31032	-5	-9	0	0	-10	2019-07-11T00:00:00Z	Nut & Seed Butters	LI	627304	2019-07-11T00:00:00Z	2019-12-06T00:00:00Z									Database - USDA NDB, Databases, App - yuka, Apps, database-usda, App - Horizon, App - InFood, App - Open Food Facts
00988639		en			Nutella, hazelnut spread with cocoa, hazelnut														Hazelnut spread with skim milk & cocoa						0,52 oz (15 g)		Plastic	en:plastic	Ferrero,Nutella	ferrero,nutella	Ferrero U.S.A., Incorporated	"Plant-based foods and beverages, Plant-based foods, Breakfasts, Fats, Spreads, Sweet spreads, Vegetable fats, fr:P√¢tes √† tartiner, Hazelnut spreads, Chocolate spreads, Cocoa and hazelnuts spreads"	en:plant-based-foods-and-beverages,en:plant-based-foods,en:breakfasts,en:fats,en:spreads,en:sweet-spreads,en:vegetable-fats,fr:pates-a-tartiner,en:hazelnut-spreads,en:chocolate-spreads,en:cocoa-and-hazelnuts-spreads			United States	en:united-states			0				Germany	germany					Sugar, palm oil, hazelnuts, cocoa, skim milk, whey (milk), lecithin as emulsifier (soy), vanillin: an artificial flavor.											Milk, Nuts, Soybeans	en:milk,en:nuts,en:soybeans			on	100g	100g																																											en:plastic																																			en:sweets	en:sugary-snacks,en:sweets	4	en:4-ultra-processed-food-and-drink-products			d	25		31032	-5	-10	1	0	-10	2018-01-20T00:00:00Z	Nut & Seed Butters	LI	779148	2018-01-20T00:00:00Z	2020-02-27T00:00:00Z									Databases, database-usda
8000500295137		en			Nutella		"Ferrero - P√¢te √† tartiner"																			15g	fr:couvercle en plastique, fr:opercule aluminium, fr:pot en verre	fr:couvercle-en-plastique,fr:opercule-aluminium,fr:pot-en-verre	Ferrero,Nutella	ferrero,nutella		"Breakfasts, Spreads, Sweet spreads, fr:P√¢tes √† tartiner, Hazelnut spreads, Chocolate spreads, Cocoa and hazelnuts spreads"	en:breakfasts,en:spreads,en:sweet-spreads,fr:pates-a-tartiner,en:hazelnut-spreads,en:chocolate-spreads,en:cocoa-and-hazelnuts-spreads	Sustainable, No gluten, Sustainable Palm Oil, Roundtable on Sustainable Palm Oil	en:sustainable,en:no-gluten,en:sustainable-palm-oil,en:roundtable-on-sustainable-palm-oil	Belgium, France, Luxembourg	en:belgium,en:france,en:luxembourg	Delhaize	delhaize	0										sugar, palm oil, noisettes 13%, milk skimmed powder 8,7%, lean cocoa 7,4%, emulsifiers: lecithins [soja) , vanillin,		Sucre, huile de palme, noisettes 13%, lait √©cr√©m√© en poudre 8,7%, cacao maigre 7,4%, √©mulsifiants : l√©cithines [soja] ; vanilline. Sans gluten.									Milk, Nuts, Soybeans	en:milk,en:nuts,en:soybeans				100g	100g			539	kcal	30.9	g	10.6	g	57.5	g	56.3	g			6.3	g	0.1075	g	0.043	g	539	kcal																				en:lid	en:plastic					en:seal	en:aluminium				en:pot	en:glass																								en:sweets	en:sugary-snacks,en:sweets	4	en:4-ultra-processed-food-and-drink-products	e	26	c	41		31032	-5	-4	0	0																App - yuka, Apps, App - InFood
8000500220535		es				Nutella																			1 kg	18g			Nutella	nutella		Desayunos, Untables, Untables dulces, Cremas para untar, Cremas a base de avellanas, Cremas de chocolate, Cremas de cacao y avellanas	en:breakfasts,en:spreads,en:sweet-spreads,fr:pates-a-tartiner,en:hazelnut-spreads,en:chocolate-spreads,en:cocoa-and-hazelnuts-spreads			M√©xico, Espa√±a	en:mexico,en:spain			0				M√©xico	mexico						"AZUCAR, ACEITE VEGETAL, AVELLANAS (13%), LECHE DESCREMADA EN POLVO (8,7% ), CACAO MAGRO EN POLVO (7,4%), EMULSIONANTE: LECITINA, SABORIZANTE ID√âNTICO AL NATURAL: VAINILLINA"										Frutos de c√°scara	en:nuts	Leche, Frutos de c√°scara, Soja	en:milk,en:nuts,en:soybeans		100g	100g			533.33333333333	kcal	33.333333333333	g	13.333333333333	g	60	g	53.333333333333	g			6.6666666666667	g	0	g	0	g	533.33333333333	kcal																																																								en:sweets	en:sugary-snacks,en:sweets	4	en:4-ultra-processed-food-and-drink-products	e	26	d	30	1	31032	-5	-15	1	0																App - elcoco, Apps, App - yuka, App - El CoCo
