code	lc	product_name_ca	product_name_cs	product_name_de	product_name_en	product_name_es	product_name_fi	product_name_fr	product_name_it	product_name_pt	generic_name_de	generic_name_en	generic_name_es	generic_name_fr	generic_name_pt	quantity	serving_size	packaging	packaging_tags	brands	brands_tags	categories	categories_tags	labels	labels_tags	countries	countries_tags	stores	stores_tags	obsolete	obsolete_since_date	origins	origins_tags	origin_cs	manufacturing_places	manufacturing_places_tags	emb_codes	emb_codes_tags	ingredients_text_cs	ingredients_text_de	ingredients_text_en	ingredients_text_es	ingredients_text_fi	ingredients_text_fr	ingredients_text_it	ingredients_text_nl	ingredients_text_pt	allergens	allergens_tags	traces	traces_tags	no_nutrition_data	nutrition_data_per	nutrition_data_prepared_per	energy-kj_value	energy-kj_unit	energy-kcal_value	energy-kcal_unit	fat_value	fat_unit	saturated-fat_value	saturated-fat_unit	carbohydrates_value	carbohydrates_unit	sugars_value	sugars_unit	fiber_value	fiber_unit	proteins_value	proteins_unit	salt_value	salt_unit	sodium_value	sodium_unit	alcohol_value	alcohol_unit	energy_value	energy_unit	monounsaturated-fat_value	monounsaturated-fat_unit	polyunsaturated-fat_value	polyunsaturated-fat_unit	trans-fat_value	trans-fat_unit	lactose_value	lactose_unit	starch_value	starch_unit	vitamin-a_value	vitamin-a_unit	vitamin-d_value	vitamin-d_unit	vitamin-b9_value	vitamin-b9_unit	vitamin-b12_value	vitamin-b12_unit	calcium_value	calcium_unit	magnesium_value	magnesium_unit	zinc_value	zinc_unit	cocoa_value	cocoa_unit	packaging_1_number_of_units	packaging_1_shape	packaging_1_material	packaging_1_recycling	packaging_2_number_of_units	packaging_2_shape	packaging_2_material	packaging_2_recycling	packaging_3_number_of_units	packaging_3_shape	packaging_3_material	packaging_3_recycling	link	off:food_groups	off:food_groups_tags	off:nova_groups	off:nova_groups_tags	off:nutriscore_grade	off:nutriscore_score	off:ecoscore_grade	off:ecoscore_score	off:ecoscore_data.missing_key_data	off:ecoscore_data.agribalyse.code	off:ecoscore_data.adjustments.origins_of_ingredients.value	off:ecoscore_data.adjustments.packaging.value	off:ecoscore_data.adjustments.packaging.non_recyclable_and_non_biodegradable_materials	off:ecoscore_data.adjustments.production_system.value	data_sources
84105929	es					Danonino chocolate										330 g				Danone	danone	Lácteos, Postres, Postres lácteos, Postres de chocolate, Postres lácteos con chocolate	en:dairies,en:desserts,en:dairy-desserts,en:chocolate-desserts,en:dairy-chocolate-desserts	Sin gluten, Sin conservantes, Punto Verde, Nutriscore, Nutriscore C	en:no-gluten,en:no-preservatives,en:green-dot,en:nutriscore,en:nutriscore-grade-c	España	en:spain			0							ES 15.00910/O EC	es-15-00910-o-ec			skim milk, cheese (28%), sugar, starch and modified corn starch, thickener (carrogenane), degreased cocoa (2.2%), caramel (sucrose and glucose and fructose syrup), milk and lactose proteins, chocolate (0.9%) [cocoa and sugar], aroma (vainilline) and stabilizer (trisodic citrate),	Leche desnatada, queso (28%), azúcar, almidón y almidón modificado de maíz, espesante (carragenano), cacao desgrasado (2,2%), caramelo (sacarosa y jarabe de glucosa y fructosa), proteínas de la leche y lactosa, chocolate (0,9%) [cacao y azúcar], aroma (vainillina) y estabilizante (citrato trisódico),						Leche	en:milk				100g	100g			172	kcal	6.3	g	4	g	24.4	g	21.7	g			3.8	g	0	g	0	g			172	kcal																																								en:dairy-desserts	en:milk-and-dairy-products,en:dairy-desserts	4	en:4-ultra-processed-food-and-drink-products	c	7	unknown		1		-5	-15	1	0	App - elcoco, App - yuka, Apps, App - El CoCo, App - InFood
5601050037272	es					YoPro Protein Pudding Chocolate							Pudín de chocolate			180g	180g	Plástico	en:plastic	Danone,YoPro	danone,yopro	Lácteos, Postres, Postres lácteos, en:Puddings, Postres de chocolate, Postres de cremas, Natillas chocolate	en:dairies,en:desserts,en:dairy-desserts,en:puddings,en:chocolate-desserts,en:creamy-puddings,en:chocolate-creamy-puddings	Bajo o sin grasas, Bajo en grasas, Punto Verde, Sin azúcares añadidos, Nutriscore, Nutriscore A, Recicla amarillo, Ecoponto amarelo, pt:9 Essential Amino Acids	en:low-or-no-fat,en:low-fat,en:green-dot,en:no-added-sugar,en:nutriscore,en:nutriscore-grade-a,es:recicla-amarillo,pt:ecoponto-amarelo,pt:9-essential-amino-acids	Andorra, Portugal, España	en:andorra,en:portugal,en:spain	Pingo Doce,Bonpreu,Caprabo	pingo-doce,bonpreu,caprabo	0							DE BY-13112 EC	de-by-13112-ec			pasteurized skimmed milk (88%), milk proteins cocoa powder (1.8%), modified starch, polo-defatted cocoa (0.3%), thickeners (carrageenans and e 466), stabilizer (e 339), natural flavoring, sweeteners (sucralose and acesulfame k) and acidity corrector (e 524) may contain cereals with gluten, eggs and nuts ingredients-leite skimmed pasteurized (88%), proteins do leite causal em pó (1.8%),  modified amido, lean cacau em pó (0.3%), thickeners 55 ww,camone,es (caragenins and e466), stabilizer (e 339), natural aroma, sweeteners proteins with us! e informa sucralose e acessulfame k) e regulador de acidez (e524) 137,919 www,danone,pt pode conter cereais com gluten, ovos e frutos de casca rija, envase plástico c buenos aires 21 flona gal, s,a, apartado 4007 lisboa wore scoples dos quois dono t-s	Leche desnatada pasteurizada (87%), proteínas de la leche cacao en polvo (1,8%), almidón modificado, cacao desgrasado en palva (0.7%), espesantes (carragenanos y E 466), estabilizante (E 339), aroma natural, edulcorantes (sucralosa y acesulfamo K) y corrector de acidez (E524). Puede contener cereales con gluten, huevos y frutos de cáscara					_Leite_ desnatado pasteurizado (88%), proteínas do _leite_, cacau em pó (1,8%), amido modificado, cacau magro em pó (0,3%), espessantes (carageninas e E 466), estabilizador (E 339), aroma natural, edulcorantes sucralose e acessulfame K) e regulador de acidez (E 524). Pode conter _cereais com glúten_, _ovos_ e _frutos de casca rija_.	Gluten, Leche, Frutos de cáscara, Cereais com glúten, Frutos de casca rija, Leite, Ovos	en:gluten,en:milk,en:nuts,es:cereais-com-gluten,es:frutos-de-casca-rija,es:leite,es:ovos	Huevos, Gluten, Frutos de cáscara	en:eggs,en:gluten,en:nuts		100g	100g	344	kJ	82	kcal	1.8	g	1.2	g	6.3	g	4.8	g			10.2	g	0.26	g	0.104	g			344	kJ																													en:plastic											en:dairy-desserts	en:milk-and-dairy-products,en:dairy-desserts	4	en:4-ultra-processed-food-and-drink-products	a	-1	unknown				-5	-10	1	0	App - Yuka, Apps, App - El CoCo, App - smoothie-openfoodfacts, App - InFood
8410500028312	es					Yo pro mousse chocolate														Danone	danone	Postres, Postres de chocolate, Mousses de chocolate	en:desserts,en:chocolate-desserts,en:chocolate-mousses	Nutriscore, Nutriscore A	en:nutriscore,en:nutriscore-grade-a	Andorra, España	en:andorra,en:spain			0							DE NW-303 EC	de-nw-303-ec				Leche desnatada pasteurizada, proteínas de la leche, cacao (4%), almidón modificado de maíz, emulgente (E 472b), gelatina, nata pasteurizada, estabilizante (citratos de sodio) y edulcorante (sucralosa). Puede contener soja, cereales con gluten y frutos de cáscara.					Leite desnatado pasteurizado, proteínas do leite, cacau (4%), amido modificado de milho, emulsionante (E 472b), gelatina, nata pasteurizada, estabilizador (citratos de sódio) e edulcorante (sucralose). Pode conter sojo, cereais com glúten e frutos de casca rija.	Leche	en:milk	Gluten, Frutos de cáscara, Soja	en:gluten,en:nuts,en:soybeans		100g	100g			85	kcal	2.3	g	1.6	g	5.4	g	4.2	g			10	g	0.25	g	0.1	g			85	kcal																																										4	en:4-ultra-processed-food-and-drink-products	a	-2	d	22	1	39206	-5	-15	1	0	App - Yuka, Apps, App - El CoCo
5941209023283	en				YoPRO protein pudding hazelnut chocolate												180 g			Danone	danone					Romania	en:romania			0																							100g	100g	322	kJ	76	kcal	0.9	g	0.6	g	6.2	g	4.5	g			10	g	0.33	g	0.132	g			322	kJ																					57	mg																					unknown			unknown		1		-5	-15	1	0	App - Waistline, Apps
3033491602030	fr							Hipro 25g protéines Chocolat								33 cl	330ml	Brique en carton	fr:brique-en-carton	Danone	danone	Boissons, Produits laitiers, Boissons lactées, Laits aromatisés, Laits aromatisés au chocolat	en:beverages,en:dairies,en:dairy-drinks,en:flavoured-milks,en:chocolate-milks	Sans conservateurs, Point Vert, Sans lactose, Nutriscore, Nutriscore A	en:no-preservatives,en:green-dot,en:no-lactose,en:nutriscore,en:nutriscore-grade-a	France	en:france	Carrefour City,carrefour.fr	carrefour-city,carrefour-fr	0							DE HE-001 EG	de-he-001-ec						_Lait_ écrémé, protéines de _lait_, cacao maigre en poudre 1%, épaississants (gomme gellane, gomme de cellulose), stabilisants (polyphosphate, phosphate de sodium), arômes naturels, édulcorant (sucralose), sel.				Lait	en:milk				100g	100g	229	kJ	54	kcal	0.3	g	0.2	g	5	g	4.7	g			7.6	g	0.2	g	0.08	g	0	% vol	229	kJ																			0.24	g							1	en:brick	en:tetra-pak	en:recycle										en:artificially-sweetened-beverages	en:beverages,en:artificially-sweetened-beverages	4	en:4-ultra-processed-food-and-drink-products	e	12	c	40		19122	-5	-4	1	0	App - yuka, Apps, App - Open Food Facts, App - smoothie-openfoodfacts, App - Waistline
3033490905378	fr							Crème au chocolat Taillefine (0,9% MG)						Crème dessert au chocolat, avec sucres et édulcorants		4 * 120 g (480 g)	120 g	Plastique, Pot	en:plastic,en:pot	Taillefine,Danone	taillefine,danone	Produits laitiers, Desserts, Desserts lactés, Desserts au chocolat, Crèmes dessert, Crèmes dessert chocolat, Crèmes dessert rayon frais, Crèmes dessert chocolat réfrigérées	en:dairies,en:desserts,en:dairy-desserts,en:chocolate-desserts,en:creamy-puddings,en:chocolate-creamy-puddings,en:refrigerated-creamy-puddings,en:refrigerated-chocolate-creamy-puddings	Point Vert	en:green-dot	France	en:france	Auchan,Monoprix	auchan,monoprix	0							FR 59.043.030 EC,FR 38.408.002 EC	fr-59-043-030-ec,fr-38-408-002-ec						lait écrémé, lait écrémé concentré ou en poudre, sucre (5,3%), cacao maigre, épaississants: amidon transformé, carraghénanes chocolat (2%) (sucre, pâte de cacao, cacao maigre en poudre, emulsifiant: lécithine de soja, arome), perméat de petit lait (lactosérum) en poudre amidon, édulcorants: acésulfame-k, sucralose. Contient: lait, soja.				Lait, Soja	en:milk,en:soybeans				100g	100g	363	kJ	86	kcal	0.9	g	0.6	g	15.1	g	12.1	g			3.8	g	0.21	g	0.084	g			363	kJ																												en:pot	en:plastic											en:dairy-desserts	en:milk-and-dairy-products,en:dairy-desserts	4	en:4-ultra-processed-food-and-drink-products	b	1	b	68		39200	-5	-10	1	0	App - yuka, Apps
8410500027667	pt									YoPRO 20g PROTEIN MOUSSE FLAVOR SALTED CARAMEL CHOCOLATE						200 g				Danone	danone	Laticínios, Sobremesas, Sobremesas de laticínios, Pudim Proteico	en:dairies,en:desserts,en:dairy-desserts,pt:pudim-proteico			Portugal	en:portugal			0																	"Água, proteínas do leite (7,8%), _leite_ desnatado em pó, cacau (5%), _nata_ posteurizada, gelatina, sal, emulsionante (E 371), estabizadar (citratos de sódio), edulcorante (sucralose), sais de magnésio e aroma natural."	Leite, Nata	en:milk,pt:nata	Glúten, Nozes, Soja	en:gluten,en:nuts,en:soybeans		100g	100g	325	kJ	78	kcal	2.4	g	1.4	g	3.7	g	3.2	g			10.3	g	0.53	g	0.212	g			325	kJ																					56	mg																		en:dairy-desserts	en:milk-and-dairy-products,en:dairy-desserts	4	en:4-ultra-processed-food-and-drink-products	a	-2	unknown		1		-5	-15	1	0	App - Open Food Facts, Apps, App - Yuka
3033491432910	fr							Danette chocolat								500 g (4 x 125 g)		Bouchon ou couvercle, Plastique, Pot, Couvercle	en:lid-or-cap,en:plastic,en:pot,en:lid	Danone,Danette	danone,danette	Produits laitiers, Desserts, Desserts lactés, Desserts au chocolat, Crèmes dessert, Crèmes dessert chocolat, Crèmes dessert rayon frais, Crèmes dessert chocolat réfrigérées	en:dairies,en:desserts,en:dairy-desserts,en:chocolate-desserts,en:creamy-puddings,en:chocolate-creamy-puddings,en:refrigerated-creamy-puddings,en:refrigerated-chocolate-creamy-puddings	Lait Français, Point Vert	en:french-milk,en:green-dot	France	en:france			0		France, Inconnu	en:france,en:unknown		France	france	FR 38.408.002 EC,FR 59.043.030 CE	fr-38-408-002-ec,fr-59-043-030-ec						Lait demi écrémé, sucre, crème (lait), chocolat (2,2%) (sucre, pâte de cacao, cacao maigre, émulsifiant (lécithine de soja), arome), cacao maigre, épaississants (amidon transformé de mais, carraghénanes), perméat de petit lait (lactosérum) en poudre, lait écrémé concentré ou en poudre, amidon de maïs.				Lait, Soja	en:milk,en:soybeans				100g	100g			122	kcal	3	g	2	g	19.9	g	17.5	g			3.3	g	0.15	g	0.06	g			122	kcal																												en:pot												en:dairy-desserts	en:milk-and-dairy-products,en:dairy-desserts	4	en:4-ultra-processed-food-and-drink-products	c	3	b	76		39200	3	-10	0	0	App - yuka, Apps, App - smoothie-openfoodfacts
3033491589669	en				Danette végétale			Danette végétale chocolat base coco						Dessert végétal au lait de coco et au chocolat		400 g	133 g	"fr:Opercule en métal, fr:Opercule métal à recycler, fr:Pensez au tri!, fr:Point vert, fr:Pot et couvercle plastique à jeter, fr:Triman"	fr:opercule-en-metal,fr:opercule-metal-a-recycler,fr:pensez-au-tri,fr:point-vert,fr:pot-et-couvercle-plastique-a-jeter,fr:triman	Danone,Danette	danone,danette	Plant-based foods and beverages, Dairies, Dairy substitutes, Desserts, Non-dairy desserts, Dairy desserts, Chocolate desserts, Vegan creamy puddings, Vegan chocolate puddings	en:plant-based-foods-and-beverages,en:dairies,en:dairy-substitutes,en:desserts,en:non-dairy-desserts,en:dairy-desserts,en:chocolate-desserts,en:vegan-creamy-puddings,en:vegan-chocolate-puddings	Green Dot, Nutriscore, Nutriscore Grade C	en:green-dot,en:nutriscore,en:nutriscore-grade-c	Belgium, France	en:belgium,en:france	Cora,Delhaize,carrefour.fr	cora,delhaize,carrefour-fr	0											coconut milk 40,9% (coconut cream, water), water, chocolate powder to 8,8% (sugar,cocoa powder), sugar, thickeners (modified starch, tapioca, agar agar, dark chocolate (cocoa powder, cocoa paste, sugar) (0,7%), salt			lait de coco 40,9% (crème de coco, eau), eau, chocolat en poudre 8,8% (sucre,cacao en poudre), sucre, épaississants (amidon transformé de tapioca, agar agar, chocolat noir (poudre de cacao, pâte de cacao, sucre) (0,7%), sel						Milk, Nuts, Soybeans	en:milk,en:nuts,en:soybeans		100g	100g	523	kJ	125	kcal	6.1	g	5.3	g	15.6	g	11.1	g			1.1	g	0.13	g	0.052	g			523	kJ																												en:lid	en:plastic	en:discard		en:seal	en:metal	en:recycle						en:dairy-desserts	en:milk-and-dairy-products,en:dairy-desserts	4	en:4-ultra-processed-food-and-drink-products	c	7	unknown				-5	-3	0	0	App - yuka, Apps, App - InFood
3033491377150	fr							Danette le liégeois chocolat										Pot	en:pot	Danone, Danette	danone,danette	Produits laitiers, Desserts, Desserts lactés, Desserts au chocolat, Desserts lactés au chocolat, Liégeois	en:dairies,en:desserts,en:dairy-desserts,en:chocolate-desserts,en:dairy-chocolate-desserts,en:liegeois	Point Vert, Nutriscore, Nutriscore C	en:green-dot,en:nutriscore,en:nutriscore-grade-c	France	en:france	carrefour.fr	carrefour-fr	0		France	en:france				FR 38.408.002 EC	fr-38-408-002-ec						lait entier, crème (lait), eau, sucre, perméat de petit lait (lactosérum) en poudre, chocolat (2,0% ) (sucre, pâte de cacao, cacao maigre, émulsifiant (lécithine de soja), arôme), cacao maigre, épaississants (amidon transformé, carraghénanes), amidon, gélatine (non porcine), émulsifiant (esters lactiques des mono - et diglycérides d'acides gras), arôme (lait), sel. Contient lait, soja.				Lait, Soja	en:milk,en:soybeans	"Œufs, Gluten, Fruits à coque"	en:eggs,en:gluten,en:nuts		100g	100g			157	kcal	7.6	g	5.2	g	19	g	17	g			2.8	g	0.14	g	0.056	g			157	kcal																												en:pot												en:dairy-desserts	en:milk-and-dairy-products,en:dairy-desserts	4	en:4-ultra-processed-food-and-drink-products	c	8	b	67		19681	4	-10	0	0	App - yuka, Apps
8595002108813	cs		"Bio sójový dezert s čokoládovou příchutí"													125 g	125 g	"Umělá hmota, 22 PAP"	en:plastic,en:paper	Provamel,Danone	provamel,danone	en:Desserts, en:Chocolate desserts	en:desserts,en:chocolate-desserts	"Bio, Vegetariánské, EU bio, Bez lepku, Zemědělství mimo EU, Udržitelné zemědělství, Veganské, BE-BIO-01, Zemědělství EU, Zemědělství EU a mimo EU, Bez laktózy, en:The Vegan Society, UTZ certifikováno, UTZ Certified Cocoa, en:European soya"	en:organic,en:vegetarian,en:eu-organic,en:no-gluten,en:non-eu-agriculture,en:sustainable-farming,en:vegan,en:be-bio-01,en:eu-agriculture,en:eu-non-eu-agriculture,en:no-lactose,en:the-vegan-society,en:utz-certified,en:utz-certified-cocoa,en:european-soya	"Česko, Slovensko"	en:czech-republic,en:slovakia	Tesco,rohlik.cz	tesco,rohlik-cz	0				Soy from Europe					"Sójová složka (voda, loupané sójové boby* (6,2 %), třtinový cukr*, kakaový prášek* se sníženým obsahem tuku (3,3 %), kukuřičný škrob“, tapiokový škrob*, pšeničný škrob“, mořská sůl. *produkt ekologického zemědělství"									Lepek, Sójové boby	en:gluten,en:soybeans				100g	100g	373	kJ	88	kcal	1.6	g	0.4	g	14.4	g	9.2	g	1.5	g	3.1	g	0.14	g	0.056	g			373	kJ							0	g																					en:plastic				en:paper						https://www.provamel.com/uk/products/desserts/soya-chocolate			3	en:3-processed-foods	b	1	unknown				-5	-11	1	20	App - Open Food Facts, Apps
3033491753558	fr							Danette mousse chocolat saveur noisette								240g				Danone,Danette	danone,danette	Produits laitiers, Desserts, Surgelés, Desserts lactés, Desserts au chocolat, Mousses au chocolat, Mousse au chocolat aromatisée noisette	en:dairies,en:desserts,en:frozen-foods,en:dairy-desserts,en:chocolate-desserts,en:chocolate-mousses,fr:mousse-au-chocolat-aromatisee-noisette	Nutriscore, Nutriscore D	en:nutriscore,en:nutriscore-grade-d	France, Serbie	en:france,en:serbia	Franprix,Carrefour,Monoprix,Cora,Intermarché,Super U,Auchan, carrefour.fr	franprix,carrefour,monoprix,cora,intermarche,super-u,auchan,carrefour-fr	0		Allemagne	en:germany		Rueil Malmaison France	rueil-malmaison-france	DE BY-601 EC	de-by-601-ec						Lait entier, crème (lait), chocolat (7%) (pâte de cacao, sucre, émulsifiant (lécithine de soja), arôme), chocolat en poudre (sucre, cacao en poudre), sucre, lactose (lait), caramel (sucre, sirop de glucose-fructose, eau, sel, émulsifiant (esters lactiques des mono - et diglycérides d'acides gras), gélatine bovine, épaississant (amidon transforme de maïs), arôme, sel.				Lait, Soja	en:milk,en:soybeans	Lait, Soja	en:milk,en:soybeans		100g	100g	746	kJ	178	kcal	8	g	5.3	g	21.9	g	21.3	g	0	g	4	g	0.23	g	0.092	g			746	kJ																																							https://www.danone.fr/nos-produits-laitiers-frais/danette/mousse.html	en:dairy-desserts	en:milk-and-dairy-products,en:dairy-desserts	4	en:4-ultra-processed-food-and-drink-products	d	12	d	31	1	39206	4	-15	1	0	App - yuka, Apps, App - Open Food Facts
8410500025885	es					Mousse de chocolate										4 x 60 g				Danone	danone					España	en:spain			0																							100g	100g			172	kcal	8	g	5.3000001907349	g	20.5	g	19.700000762939	g			4.5	g	0.23999999463558	g	0.095999997854232	g			172	kcal																																											unknown			unknown		1		-5	-15	1	0	App - yuka, Apps, App - El CoCo
3033491031014	fr			Danette mousse liégeoise	Danette mousse liégeoise			Danette Mousse Liégeoise Chocolat	Danette mousse liégeoise							320 g (4 * 80 g)	80g	Plastique, Carton, Frais	en:plastic,en:cardboard,en:fresh	Danone,Danette	danone,danette	Produits laitiers, Desserts, Desserts lactés, Desserts au chocolat, Crèmes dessert, Mousses sucrées, Desserts lactés au chocolat, Mousses lactées	en:dairies,en:desserts,en:dairy-desserts,en:chocolate-desserts,en:creamy-puddings,en:sweet-mousses,en:dairy-chocolate-desserts,en:dairy-mousses	Point Vert, Fabriqué en Allemagne, Nutriscore, Nutriscore D, Triman	en:green-dot,en:made-in-germany,en:nutriscore,en:nutriscore-grade-d,fr:triman	France, Suisse	en:france,en:switzerland	Carrefour	carrefour	0		Union européenne	en:european-union		Allemagne	allemagne	FR 38.408.002 CE,DE BY-601 EC	fr-38-408-002-ec,de-by-601-ec		Danone danette mousse liégelait whole (55.4%), cream (milk), lactose, glucose-fructose syrup, sugar, chocolate (4.8%) (cocoa mass, sugar, emulsifier: soy lecithin, flavoring), lean cocoa powder emulsifier: e 472b, thickeners: e 1442, e 407, e 415; gelatin (non-porcine), aroma, salt.	Danone danette mousse liégelait whole (55.4%), cream (milk), lactose, glucose-fructose syrup, sugar, chocolate (4.8%) (cocoa mass, sugar, emulsifier: soy lecithin, flavoring), lean cocoa powder emulsifier: e 472b, thickeners: e 1442, e 407, e 415; gelatin (non-porcine), aroma, salt.			LAIT entier, crème (LAIT), LACTOSE (LAIT), sirop de glucose-fructose, sucre, chocolat (4,8%) (pâte de cacao, sucre, émulsifiant (lécithine de SOJA), arôme), cacao maigre, émulsifiant (esters lactiques des mono - et diglycérides d'acides gras), épaississants (amidon transformé, carraghénanes, gomme xanthane), gélatine bovine, arôme, sel.	Danone mousse danette liégelait intere (55,4%), panna (latte), lattosio, sciroppo di glucosio-fruttosio, zucchero, cioccolato (4,8%) (massa di cacao, zucchero, emulsionante: lecitina di soia, aromi), polvere di cacao magro emulsionante: e 472b, addensanti: e 1442, e 407, e 415; gelatina (non suina), aroma, sale.			Lait, Soja	en:milk,en:soybeans	"Fruits à coque, Arachides"	en:nuts,en:peanuts		100g	100g	811	kJ	194	kcal	9.7	g	6.5	g	22.6	g	21.3	g			3.4	g	0.14	g	0.056	g			811	kJ																											1	en:sleeve	en:cardboard	en:recycle	1	en:seal	en:plastic	en:discard		en:pot	en:plastic		http://www.danoneprofessional.be/fr/products/pdf/4974	en:dairy-desserts	en:milk-and-dairy-products,en:dairy-desserts	4	en:4-ultra-processed-food-and-drink-products	d	12	unknown				-5	-12	1	0	Database - FoodRepo / openfood.ch, Databases, App - yuka, Apps, App - Open Food Facts
7350000552478	fi						YoPRO protein pudding chocolate									180 g	180 g			Danone	danone	Maitotuotteet, Jälkiruoat, Maitojälkiruoat, Vanukkaat, Suklaajälkiruoat, Jälkiruokakermat, en:Chocolate creamy puddings	en:dairies,en:desserts,en:dairy-desserts,en:puddings,en:chocolate-desserts,en:creamy-puddings,en:chocolate-creamy-puddings	Vihreä piste	en:green-dot	Suomi	en:finland			0							DE BY-13112 EC	de-by-13112-ec					Pastöroitu maito, maitoproteiini, kaakaojauhe 1,8%, muunnettu tärkkelys, vähärasvainen kaakaojauhe 0,7%, sakeuttamisaine (karrageeni), natriumkarboksimetyyliselluloosa, stabilointiaine (natriumfosfaatit), happamuudensäätöaine (natriumhydroksidi), luontainen aromi, makeutusaine (asesulfaami K, sukraloosi)					Maito	en:milk				100g	100g	349	kJ	83	kcal	1.9	g	1.2	g	6.2	g	4.7	g			10	g	0.29	g	0.116	g			349	kJ																																								en:dairy-desserts	en:milk-and-dairy-products,en:dairy-desserts	4	en:4-ultra-processed-food-and-drink-products	a	-1	unknown		1		-5	-15	1	0	App - smoothie-openfoodfacts, Apps
8410500024970	es					Oikos, mousse de fresa y chocolate blanco										220 g (4x55g)				Danone	danone	Lácteos, Comidas fermentadas, Postres, Productos fermentados de la leche, Postres lácteos, en:Fermented dairy desserts	en:dairies,en:fermented-foods,en:desserts,en:fermented-milk-products,en:dairy-desserts,en:fermented-dairy-desserts	Sin gluten, Punto Verde	en:no-gluten,en:green-dot	España	en:spain			0							ES 15.00181/V EC	es-15-00181-v-ec				Leche (54%), azúcar, nata, fresa (8%), leche desnatada en polvo parcialmente rehidratada, pepitas de chocolate blanco (1,9%) [manteca de cacao, leche desnatada en polvo, mantequilla concentrada, azúcar y aroma natural de vainilla], gelatina, almidón modificado de maíz, estabilizantes (pectina y goma guar), harina de tapioca, emulgente (E 472b), aromas, correctores de acidez (lactacto cálcico, ácido cítrico y citrato sódico) y fermentos lácticos. Puede contener trazas de cereales con gluten (menos de 3ppm) y frutos de cáscara.						Leche	en:milk	Gluten, Frutos de cáscara	en:gluten,en:nuts		100g	100g			179	kcal	9.4	g	6	g	19.7	g	18.5	g			3.9	g	0.1	g	0.04	g			179	kcal																																								en:dairy-desserts	en:milk-and-dairy-products,en:dairy-desserts	4	en:4-ultra-processed-food-and-drink-products	d	11	unknown		1		-5	-15	1	0	App - yuka, Apps
3033491279713	fr							Danette chocolat								4x125g	125g	Pot	en:pot	Danone,Danette	danone,danette	Produits laitiers, Desserts, Desserts lactés, Desserts au chocolat, Crèmes dessert, Crèmes dessert chocolat	en:dairies,en:desserts,en:dairy-desserts,en:chocolate-desserts,en:creamy-puddings,en:chocolate-creamy-puddings	Point Vert, Nutriscore, Nutriscore C	en:green-dot,en:nutriscore,en:nutriscore-grade-c	France	en:france	carrefour.fr,Carrefour,Carrefour Contact,Carrefour City,Carrefour Express,E.leclerc,Auchan	carrefour-fr,carrefour,carrefour-contact,carrefour-city,carrefour-express,e-leclerc,auchan	0					France	france	FR 38.408.002 EC,FR 59.043.030 CE	fr-38-408-002-ec,fr-59-043-030-ec						lait demi écrémé, sucre, crème (lait), chocolat (2,2%) (sucre, pâte de cacao, cacao maigre, émulsifiant (lécithine de soja), arome), cacao maigre, épaississants (amidon transformé, carraghénanes), perméat de petit lait (lactosérum) en poudre, amidon. Lait: Origine France.				Lait, Soja	en:milk,en:soybeans				100g	100g	514	kJ	122	kcal	3	g	2	g	19.9	g	17.5	g	0	g	3.3	g	0.15	g	0.06	g			514	kJ																												en:pot												en:dairy-desserts	en:milk-and-dairy-products,en:dairy-desserts	4	en:4-ultra-processed-food-and-drink-products	c	3	unknown				-5	-10	0	0	App - yuka, Apps, App - Open Food Facts, App - smoothie-openfoodfacts
8410500028824	es					Postre de chocolate														Danone	danone	Postres	en:desserts			España	en:spain			0																							100g	100g			123	kcal	3.3	g	2	g	19.5	g	17.4	g			3	g	0.16	g	0.064	g			123	kcal																																											unknown	c	4	unknown		1		-5	-15	1	0	App - Yuka, Apps
8410500010621	es					Natillas de chocolate sin gluten		Danet Chocolate								500 g e(4 x 125 g)	125g	en:Bote, en:Fresco, en:Plástico	en:bote,en:fresco,en:plastico	Danone	danone	Lácteos, Postres, Postres lácteos, Postres de chocolate, Postres de cremas, Natillas chocolate, en:Refrigerated creamy puddings, en:Refrigerated chocolate creamy puddings	en:dairies,en:desserts,en:dairy-desserts,en:chocolate-desserts,en:creamy-puddings,en:chocolate-creamy-puddings,en:refrigerated-creamy-puddings,en:refrigerated-chocolate-creamy-puddings	en:Sin gluten	en:sin-gluten	España, en:Francia	en:spain,en:francia			0																		Leche, Nato, Sólidoslácteos	en:milk,es:nato,es:solidoslacteos				100g	100g			121	kcal	3	g	1.8	g	19.9	g	17.5	g			3.2	g	0.13	g	0.052	g			121	kcal																									2.2	g		en:pot	en:plastic											en:dairy-desserts	en:milk-and-dairy-products,en:dairy-desserts		unknown	c	4	b	68		39200	-5	-10	1	0	App - yuka, Apps, App - smoothie-openfoodfacts
9339687104734	en				Milk chocolate peanuts											68g				Danone	danone	Snacks, Sweet snacks, Cocoa and its products, Confectioneries, Bars, Chocolate candies, Bars covered with chocolate	en:snacks,en:sweet-snacks,en:cocoa-and-its-products,en:confectioneries,en:bars,en:chocolate-candies,en:bars-covered-with-chocolate	Health Star Rating 0.5	en:health-star-rating-0-5	Australia	en:australia	Woolworths	woolworths	0																							100g	100g			536	kcal	31.2	g	13.2	g	54.4	g	46.8	g	15.7353	g	10.4	g	0.16	g	0.064	g			536	kcal																																								en:biscuits-and-cakes	en:sugary-snacks,en:biscuits-and-cakes		unknown	e	21	unknown		1		-5	-15	1	0	App - yuka, Apps, App - smoothie-openfoodfacts
5601050030129	pt														Iogurte Líquido com Raspas de Chocolate	4				Danone,DanUp	danone,danup	Bebidas, Laticínios, Alimentos Fermentados, Sobremesas, Produtos lácteos fermentados, Sobremesas de laticínios, Bebidas lácteas, en:Fermented dairy desserts, Bebidas fermentadas, Bebidas lácteas fermentadas, Iogurtes, Iogurtes líquidos	en:beverages,en:dairies,en:fermented-foods,en:desserts,en:fermented-milk-products,en:dairy-desserts,en:dairy-drinks,en:fermented-dairy-desserts,en:fermented-drinks,en:fermented-milk-drinks,en:yogurts,en:drinkable-yogurts			Portugal	en:portugal			0																	Leite pasteunzado, do e num modo de sore de lactose concentrada reconstituido, açúcar, raspas de chocolate (0,8%) (manteiga de cacau, cacau em pó, manteiga concentrada de cacau em pó magro e açúcar), xarope de glucose frutose, aroma de baunilha, fermentos lácticos activos e conservante (E202).						100g	100g					3.6	g	2.5	g	14.7	g	14.5	g	0.1	g	1.8	g	0.1	g	0.04	g																																												en:sweetened-beverages	en:beverages,en:sweetened-beverages	4	en:4-ultra-processed-food-and-drink-products			e	17	1	19508	-5	-15	1	0	
5601050036602	pt					griego				Iogurte grego stracciatella						440 g	110			Danone,Oikos	danone,oikos	Laticínios, Alimentos Fermentados, Sobremesas, Produtos lácteos fermentados, Sobremesas de laticínios, en:Fermented dairy desserts, Iogurtes, en:Chocolate chunks yogurts, Iogurtes gregos	en:dairies,en:fermented-foods,en:desserts,en:fermented-milk-products,en:dairy-desserts,en:fermented-dairy-desserts,en:yogurts,en:chocolate-chunks-yogurts,en:greek-style-yogurts			Espanha	en:spain			0							ES 15.00783/B EC	es-15-00783-b-ec									Leite pasteurizado, nata pasteurizada, açúcar, raspas de chocolate (2%) [pasta de cacau, manteiga de cacau e açúcar], leite desnatado em pó, aroma e fermentos láticos. Pode conter vestígios de cereais com glúten, frutos de casca rija e ovo.	Leite	en:milk	Ovos, Nozes	en:eggs,en:nuts		100g	100g	717	kJ			10	g	6.3	g	17.5	g	17.2	g			2.9	g	0.1	g	0.04	g			717	kJ																																								en:milk-and-yogurt	en:milk-and-dairy-products,en:milk-and-yogurt	4	en:4-ultra-processed-food-and-drink-products	d	11	c	43	1	19580	-5	-15	1	0	App - Yuka, Apps, App - Open Food Facts
3033491871610	fr							Danette fondant chocolat saveur noisette												Danone,Danette	danone,danette	Produits laitiers, Desserts, Desserts lactés, Desserts au chocolat, Crèmes dessert, Crèmes dessert chocolat, Crèmes dessert rayon frais, Crèmes dessert chocolat réfrigérées	en:dairies,en:desserts,en:dairy-desserts,en:chocolate-desserts,en:creamy-puddings,en:chocolate-creamy-puddings,en:refrigerated-creamy-puddings,en:refrigerated-chocolate-creamy-puddings	Triman	fr:triman	France	en:france			0							FR 14.370.001 EC	fr-14-370-001-ec						Lait entier (82,5%), sucre, cacao maigre, chocolat liquide (2%) (sucre, pâte de cacao, cacao maigre, émulsifiant (lécithine de soja), arôme), crème (lait), stabilisant (pectine de fruit), amidon de maïs, épaississant (amidon transformé de maïs), arôme. Lait:Origine France. Contient: lait, soja.				Lait, Soja	en:milk,en:soybeans				100g	100g			117	kcal	4	g	2.7	g	16.9	g	15.6	g	0.85	g	3.3	g	0.13	g	0.052	g			117	kcal																																								en:dairy-desserts	en:milk-and-dairy-products,en:dairy-desserts	4	en:4-ultra-processed-food-and-drink-products	c	4	b	63	1	39200	-5	-15	1	0	App - Yuka, Apps, App - smoothie-openfoodfacts
3033491834103	fr							"Mousse chocolat à base de lait de coco"												Danone,Danette	danone,danette	Desserts, Desserts au chocolat, Mousses au chocolat végétaliennes	en:desserts,en:chocolate-desserts,en:vegan-chocolate-mousses	Nutriscore, Nutriscore C	en:nutriscore,en:nutriscore-grade-c	France	en:france			0														"Lait de coco (60%) (eau, crème de coco), eau, chocolat en poudre (10,9%) (sucre, cacao en poudre), fibre soluble de maïs, sucre (4,1%), protéines de pois, chocolat noir en poudre (1%) (poudre de cacao, pâte de cacao, sucre), épaississants (amidon transformé de tapioca, agar agar), émulsifiants (mono-diglycérides d'acides gras), sel. Peut contenir: traces de lait, soja, fruits à coque et céréales contenant du gluten."						"Gluten, Lait, Fruits à coque, Soja"	en:gluten,en:milk,en:nuts,en:soybeans		100g	100g			152	kcal	8	g	7.1	g	14.5	g	12	g	6	g	2.7	g	0.22	g	0.088	g			152	kcal																																										4	en:4-ultra-processed-food-and-drink-products	c	3	unknown		1		-5	-15	1	0	App - Yuka, Apps
3033490595401	en				Danette Mousse Liégeoise Chocolat			Danette Mousse Liégeoise Chocolat				Dessert lacté au chocolat		Dessert lacté au chocolat		640 g (8 * 80 g)	Un pot (80 g)	Plastic, Pot, Container, Fresh	en:plastic,en:pot,en:container,en:fresh	Danone, Danette	danone,danette	Dairies, Desserts, Dairy desserts, Chocolate desserts, Creamy puddings, Sweet mousses, Chocolate mousses, Dairy Mousses	en:dairies,en:desserts,en:dairy-desserts,en:chocolate-desserts,en:creamy-puddings,en:sweet-mousses,en:chocolate-mousses,en:dairy-mousses	Green Dot, Nutriscore, Nutriscore Grade D	en:green-dot,en:nutriscore,en:nutriscore-grade-d	France, Switzerland	en:france,en:switzerland	Carrefour,Magasins U,carrefour.fr	carrefour,magasins-u,carrefour-fr	0					France	france	DE BY-601 EC	de-by-601-ec			_Lait_ entier, _crème_, _lactose_, sirop de glucose-fructose, sucre, chocolat (4,8%) (pâte de cacao, sucre, émulsifiant : lécithine de _soja_, arôme naturel de vanille), cacao maigre en poudre, émulsifiant (esters lactiques des mono - et diglycérides d'acides gras), épaississants (amidon transformé, carraghénanes, gomme xanthane), gélatine, arôme, sel,			_Lait_ entier, _crème_, _lactose_, sirop de glucose-fructose, sucre, chocolat (4,8%) (pâte de cacao, sucre, émulsifiant : lécithine de _soja_, arôme naturel de vanille), cacao maigre en poudre, émulsifiant (esters lactiques des mono - et diglycérides d'acides gras), épaississants (amidon transformé, carraghénanes, gomme xanthane), gélatine, arôme, sel,				Milk, Soybeans, Lait, Crème	en:milk,en:soybeans,en:lait,en:creme	Nuts, Peanuts	en:nuts,en:peanuts	off	100g	100g			194	kcal	9.7	g	6.5	g	22.6	g	21.3	g	1.2	g	3.4	g	0.2	g	0.08	g			194	kcal																												en:container	en:plastic			en:pot							https://danette.fr.dan-on.com/danette-mousse-liegeoise/chocolat	en:dairy-desserts	en:milk-and-dairy-products,en:dairy-desserts	4	en:4-ultra-processed-food-and-drink-products	d	11	d	22		39206	-5	-15	1	0	App - yuka, Apps, App - InFood, App - Open Food Facts
8410500025830	es					Natillas Navidad choco avellana														danone	danone	Lácteos, Postres, Postres lácteos, Postres de chocolate, Postres de cremas, Postres lácteos con chocolate	en:dairies,en:desserts,en:dairy-desserts,en:chocolate-desserts,en:creamy-puddings,en:dairy-chocolate-desserts			España	en:spain			0							FR 38.408.002 EC	fr-38-408-002-ec			pasteurized milk, sugar, degreased cocoa, pasteurized cream, chocolate (2%) (sugar, poop paste, degreased cocoa, emulsifier (soy lecithin) and flavouring], dairy solids, modified corn starch and starch, thickener (carrageenans) and hazelnut flavour, may contain almond, hazelnut and walnut,	Leche pasteurizada, azúcar, cacao desgrasado, nata pasteurizada, chocolate (2%) (azúcar, pasta de caca0, cacao desgrasado, emulgente (lecitina de soja) y aroma], sólidos lácteos, almidón y almidón modificado de maíz, espesante (carragenanos) y aroma a avellana, Puede contener almendra, avellana y nuez,						Leche, Soja	en:milk,en:soybeans	Frutos de cáscara	en:nuts		100g	100g			134	kcal	4.2	g	2.8	g	20.3	g	18.2	g			3.3	g	0.11	g	0.044	g			134	kcal																																								en:dairy-desserts	en:milk-and-dairy-products,en:dairy-desserts	4	en:4-ultra-processed-food-and-drink-products	c	5	unknown		1		-5	-15	1	0	App - yuka, Apps, App - InFood
8595002109575	cs		"Kostíci kapsička ČOKO"													130g	130g	"Umělá hmota"	en:plastic	Danone	danone	"Mléčné výrobky, en:Fermented foods, en:Desserts, en:Fermented milk products, en:Dairy desserts, en:Fermented dairy desserts, Jogurt, en:Chocolate chunks yogurts"	en:dairies,en:fermented-foods,en:desserts,en:fermented-milk-products,en:dairy-desserts,en:fermented-dairy-desserts,en:yogurts,en:chocolate-chunks-yogurts	Vegetariánské	en:vegetarian	"Česko"	en:czech-republic			0		en:Milk from Czechia	en:milk-from-czechia																				100g	100g	464	kJ	110	kcal	3.1	g	1.9	g	14.5	g	14.1	g	0	g	5.8	g	0.08	g	0.032	g			464	kJ																													en:plastic											en:milk-and-yogurt	en:milk-and-dairy-products,en:milk-and-yogurt		unknown	b	2	c	48		19580	-5	-10	1	0	App - Open Food Facts, Apps
8410500028428	fr							con bolitas de Chocolate												Danone	danone			Nutriscore, Nutriscore C	en:nutriscore,en:nutriscore-grade-c	France	en:france			0																							100g	100g			143	kcal	4.2	g	2.7	g	22.9	g	19.2	g			3.5	g	0.2	g	0.08	g			143	kcal																																											unknown			unknown		1		-5	-15	1	0	App - Yuka, Apps
3033491377105	fr							Le Liégeois								10400 g	100g	4x100	fr:4x100	Danone	danone	Produits laitiers, Desserts, Desserts lactés, Desserts au chocolat, Desserts lactés au chocolat, Liégeois	en:dairies,en:desserts,en:dairy-desserts,en:chocolate-desserts,en:dairy-chocolate-desserts,en:liegeois			France	en:france	carrefour.fr	carrefour-fr	0														Lait entier, crème (lait), eau, sucre perméat de petit lait (lactosérum) en poudre, chocolat (2,0%) (Sucre, pâte de cacao, cacao maigre, émulsifiant (lécithine de soja), arôme), cacao maigre, épaississants (amidon transformé, carraghénanes), amidon, gélatine (non porcine), émulsifiant (esters lactiques des mono - et diglycérides d'acides gras), arôme (lait), sel.				Lait, Soja	en:milk,en:soybeans	"Œufs, Gluten, Lait, Fruits à coque"	en:eggs,en:gluten,en:milk,en:nuts		100g	100g			157	kcal	7.6	g	5.2	g	19	g	17	g			2.8	g	0.14	g	0.056	g			157	kcal																																								en:dairy-desserts	en:milk-and-dairy-products,en:dairy-desserts	4	en:4-ultra-processed-food-and-drink-products	c	8	c	53	1	19681	-5	-15	1	0	App - off, App - yuka, Apps
40145228	en				Monte Chocolate Pudding 55G (4PCS)												55.0g			Danone	danone					Germany	en:germany			0							DE BY-77721 EC	de-by-77721-ec															100g	100g			183	kcal	12.2	g	8.1	g	15.5	g	13.6	g	0	g	2.6	g	0.1	g	0.04	g			183	kcal																																											unknown			unknown		1		-5	-15	1	0	App - Yuka, Apps
9344962004180	en				Mint chocolate icecream															Danone	danone					Australia	en:australia			0																							100g	100g			126.74418604651	kcal	3.7209302325581	g	2.4418604651163	g	5.3488372093023	g	5.1162790697674	g			11.744186046512	g	0.29941860465117	g	0.119767441860468	g			126.74418604651	kcal																																											unknown			unknown		1		-5	-15	1	0	App - Yuka, Apps
5601050036732	es					Yogur griego Oikos con chocolate valor														Danone	danone					España	en:spain			0																							100g	100g			157	kcal	8.4	g	5.3	g	17.2	g	15.9	g			3	g	0.11	g	0.044	g			157	kcal																																											unknown			unknown		1		-5	-15	1	0	App - Yuka, Apps
75030896	es					Danette Chocolate Danone							Dulce a base de leche sabor chocolate			100 g	100 g	Plástico, Bote	en:plastic,en:pot	Danone	danone	Postres	en:desserts			México	en:mexico			0		México	en:mexico		irapuato,guanajuato	irapuato,guanajuato						Leche descremada pasteurizada y/o reconstituida pasteurizada de vaca, sólidos de leche, azúcar, crema, almidón modificado, cocoa, chocolate en polvo, colorantes (caramelo clase IV, carmín y clorofilina de sodio y cobre), picofosfato de sodio, citrato de sodio y carragenina. Contenido mínimo de leche de vaca 3,5%. Leyenda precautoria: Contiene soya.						Leche, Soja	en:milk,en:soybeans				100g	serving	554.6	kJ			3.7	g	2.3	g	22.4	g	18.9	g	0.8	g	2.2	g	272.796	mg	109.1184	mg			554.6	kJ																			84	mg								en:pot	en:plastic													4	en:4-ultra-processed-food-and-drink-products	c	7	unknown				-3	-10	1	0	App - smoothie-openfoodfacts, Apps
7506443101401	es					YoPro proteína vegetal chocolate plátano														Danone	danone	Bebidas, Lácteos, Comidas fermentadas, Postres, Productos fermentados de la leche, Postres lácteos, Bebida lácteas, en:Fermented dairy desserts, Bebidas fermentadas, Bebidas de leche fermentada, Yogures, Yogures para beber	en:beverages,en:dairies,en:fermented-foods,en:desserts,en:fermented-milk-products,en:dairy-desserts,en:dairy-drinks,en:fermented-dairy-desserts,en:fermented-drinks,en:fermented-milk-drinks,en:yogurts,en:drinkable-yogurts			España	en:spain			0																							100g	100g																																																																en:milk-and-yogurt	en:milk-and-dairy-products,en:milk-and-yogurt		unknown			e	17	1	19508	-5	-15	1	0	App - elcoco, Apps, App - El CoCo
7791337004627	es					Danette										95 g	95g	Plástico	en:plastic	Danone	danone	Lácteos, Postres, Postres lácteos, Postres de chocolate, Postres lácteos con chocolate	en:dairies,en:desserts,en:dairy-desserts,en:chocolate-desserts,en:dairy-chocolate-desserts	Sin gluten, Sin TACC	en:no-gluten,es:sin-tacc	Argentina	en:argentina	La anonima	la-anonima	0					Argentina	argentina						Leche entera, azúcar de caña, crema, cacao, almidón mosilicado de maíz, leche en polvo descremada, almidón, vitamina A, vitamina D, vitamina B9, colorante caramelo, estabilizantes (INS 456, INS 407), aroma.						Leche	en:milk	Leche, Frutos de cáscara, Nuez pecan	en:milk,en:nuts,es:nuez-pecan		100g	100g	572	kJ	137	kcal	4.21	g	2.53	g	21.1	g	0	g	0.84	g	3.68	g	45.5	mg	18.2	mg	0	% vol	572	kJ											234	&#181;g	1.47	g	54.7	g			102	&#181;g									en:plastic											en:dairy-desserts	en:milk-and-dairy-products,en:dairy-desserts	4	en:4-ultra-processed-food-and-drink-products	b	1	unknown				-5	-10	1	0	App - Open Food Facts, Apps
8410500019525	es					Doble placer natillas de chocolate con nata		Danette Double plaisir Chocolat et Crème						Danet Doble Placer Chocolate Con Nata		400 g (4 x 100 g)	100 g	Plástico, Bote, Fresco	en:plastic,en:pot,en:fresh	Danone	danone	Lácteos, Postres, Postres lácteos, Postres de chocolate, Postres de cremas, Natillas chocolate, en:Refrigerated creamy puddings, en:Refrigerated chocolate creamy puddings	en:dairies,en:desserts,en:dairy-desserts,en:chocolate-desserts,en:creamy-puddings,en:chocolate-creamy-puddings,en:refrigerated-creamy-puddings,en:refrigerated-chocolate-creamy-puddings	Punto Verde	en:green-dot	Francia, España	en:france,en:spain			0														_Lait_ pasteurisé (50,2 %), _crème_ pasteurisée, eau, sucre, minéraux du _lait_, chocolat (2,1 %) [sucre, cacao, poudre de cacaomaigre, émulsifiant (lécithine de _soja_) et de l'arôme], la graisse de cacao , l'amidon et l'amidon de maïs modifié, épaississant (carraghénane), gélatine, émulsifiant (E472b), arômes (contenant du _lait_) et sel.				Leche, Soja	en:milk,en:soybeans				100g	100g			157	kcal	7.6	g	5.2	g	19	g	17	g			2.8	g	0.14	g	0.056	g			157	kcal																												en:pot	en:plastic											en:dairy-desserts	en:milk-and-dairy-products,en:dairy-desserts		unknown	c	8	b	68		39200	-5	-10	1	0	App - yuka, Apps
4009700040152	de		"Čokoládový pudink s lískovým oříškem"	Haselnuss Dessert pflanzlich							Schoko-Pudding auf Haselnuss-Basis					375g		Metall, Kunststoff, Papier	en:metal,en:plastic,en:paper	Danone	danone	Pflanzliche Lebensmittel und Getränke, en:Dairy substitutes, Desserts, Milchfreie Nachtische, Puddings, Schokoladendesserts	en:plant-based-foods-and-beverages,en:dairy-substitutes,en:desserts,en:non-dairy-desserts,en:puddings,en:chocolate-desserts	Vegetarisch, Vegan, Europäische Vegetarier-Union, Europäische Vegetarier-Union Vegan, Nutriscore, Nutriscore C	en:vegetarian,en:vegan,en:european-vegetarian-union,en:european-vegetarian-union-vegan,en:nutriscore,en:nutriscore-grade-c	Schweiz, en:deutschland	en:switzerland,en:deutschland	Edeka	edeka	0					Germany	germany			"Pitná voda, 9,4% čokoládový prášek (cukr, kakao), cukr, 4,5% liskový oříšek, 0,8% hořká čokoláda, modifikovaný tapiokový škrob, zahušťovadlo agar-kgar, jedlá sůl."	Wasser, 9,4% Schokoladenpulver (Zucker, Kakao), Zucker, 4,5% Haselnüsse, 0,8% dunkle Schokolade, Modifizierte Stärke, Verdickungsmittel Agar-Agar, Salz								Milch, Schalenfrüchte, Soja	en:milk,en:nuts,en:soybeans				100g	100g	470	kJ	111	kcal	3.6	g	0.7	g	17.6	g	12.3	g			1.4	g	0.125	g	0.05	g			470	kJ																													en:plastic				en:paper				en:metal			en:dairy-desserts	en:milk-and-dairy-products,en:dairy-desserts	4	en:4-ultra-processed-food-and-drink-products	c	3	unknown				-5	-15	1	0	App - yuka, Apps, App - Open Food Facts
8696368906263	tr															330ml		Tetra Pak	en:tetra-pak	Danone	danone	"Atıştırmalıklar, en:Sweet snacks, Kakao ve kakao ürünleri, Çikolatalar, Sütlü çikolata"	en:snacks,en:sweet-snacks,en:cocoa-and-its-products,en:chocolates,en:milk-chocolates			Türkiye	en:turkey			0																						off	100g	100g																																																				en:brick	en:tetra-pak											en:chocolate-products	en:sugary-snacks,en:chocolate-products		unknown			d	29		31004	-5	-4	1	0	App - Open Food Facts, Apps
5601050030396	pt									DanUp Stracciadictive					Iogurte líquido com raspas de chocolate	149ml		Plástico, Garrafa, Garrafa de Plástico	en:plastic,en:bottle,pt:garrafa-de-plastico	Danone,DanUp	danone,danup	Iogurte líquido com raspas de chocolate, Straciatella	pt:iogurte-liquido-com-raspas-de-chocolate,pt:straciatella			Portugal	en:portugal	Pingo Doce	pingo-doce	0		Não especificado na embalagem	pt:nao-especificado-na-embalagem				PT ILT 40 EC	pt-ilt-40-ec									_Leite_ pasteurizado, soro de _lactose_ concentrada restituído, açúcar, raspas de chocolate (0,8%) (manteiga de cacau, cacau em pó, manteiga concentrada de cacau em pó magro e açúcar), xarope de glucose frutose, aroma de baunilha, fermentos lácticos activos e conservante (E202)	Leite	en:milk	Glúten, Nozes, Amêndoa, Frutos de casca riija	en:gluten,en:nuts,pt:amendoa,pt:frutos-de-casca-riija		100g	100g			120	kcal	3.6	g	2.5	g	14.7	g	14.5	g	0.1	g	1.8	g	0.254	g	0.1016	g			120	kcal																			85	mg								en:bottle	en:plastic										http://www.danone.pt/marcas/danup/			4	en:4-ultra-processed-food-and-drink-products	c	6	unknown				-5	-10	1	0	
3033491377006	fr							Danette								12*115 g		Plastique	en:plastic	Danone	danone	"Produits laitiers, Desserts, Desserts lactés, Desserts au chocolat, Crèmes dessert, Crèmes dessert chocolat, Crèmes dessert rayon frais, Desserts lactés au chocolat, Crèmes dessert chocolat réfrigérées, Desserts lactés à la vanille"	en:dairies,en:desserts,en:dairy-desserts,en:chocolate-desserts,en:creamy-puddings,en:chocolate-creamy-puddings,en:refrigerated-creamy-puddings,en:dairy-chocolate-desserts,en:refrigerated-chocolate-creamy-puddings,fr:desserts-lactes-a-la-vanille			France, Royaume-Uni	en:france,en:united-kingdom	SuperU, carrefour.fr	superu,carrefour-fr	0		France, Union européenne	en:france,en:european-union		France	france	FR 38.408.002 EC	fr-38-408-002-ec						"CHOCOLAT : LAIT entier et LAIT écrémé (80,1%) sucre chocolat (2,2%) ( sucre, pate de cacao, cacao maigre en poudre, émulsifiant : lécithine de SOJA, arôme) cacao maigre en poudre (SOJA) épaississants : E 1442 (amidon transformé), E 407 (carraghénanes) perméat de petit LAIT (lactosérum) en poudre amidon.
SAVEUR VANILLE : LAIT entier et LAIT écrémé concentré (86,2%) sucre épaississants: E 1442 (amidon transformé), E 407 (carraghénanes) perméat de petit LAIT (lactosérum) en poudre amidon crème (LAIT) arôme (LAIT) colorant : E 160a (bêta-carotène)
CARAMEL : LAIT entier et LAIT écrémé concentré (82,3%) sucre caramel 5,6% (sucre, sirop de glucose-fructose, eau) épaississants: amidon transformé(E1442), carraghénanes (E407) crème (LAIT) amidon stabilisant: phosphate dipotassique (E340) arôme (LAIT) sucre cuit sel"				Lait, Soja	en:milk,en:soybeans				100g	100g	453	kJ	107	kcal	3	g	2	g	17.1	g	14.4	g			3	g	0.12	g	0.048	g			453	kJ																											1	en:sleeve	en:plastic	en:recycle	12	en:pot		en:discard	12	en:seal		en:discard		en:dairy-desserts	en:milk-and-dairy-products,en:dairy-desserts	4	en:4-ultra-processed-food-and-drink-products	c	4	b	68		39200	0	-15	1	0	App - yuka, Apps
8410500011352	es					Postre de soja chocolate - DESCATALOGADO							Postre de soja con chocolate			400 g (4 x 100 g)		Refrigerado, Caja de cartón, Tarrina de plástico	en:refrigerated,es:caja-de-carton,es:tarrina-de-plastico	Danone	danone	Alimentos y bebidas de origen vegetal, Botanas, en:Dairy substitutes, Postres, Postres vegetales, Postres de chocolate, Postres de soja, en:Vegan creamy puddings, en:Flavoured soy dessert, en:Vegan chocolate puddings, Postres de soja con cacao	en:plant-based-foods-and-beverages,en:snacks,en:dairy-substitutes,en:desserts,en:non-dairy-desserts,en:chocolate-desserts,en:soy-desserts,en:vegan-creamy-puddings,en:flavoured-soy-dessert,en:vegan-chocolate-puddings,en:chocolate-soy-desserts	Vegetariano, Sin gluten, Sin OMG, Vegano	en:vegetarian,en:no-gluten,en:no-gmos,en:vegan	España	en:spain	Carrefour	carrefour	0					Parets del Vallés,Barcelona (provincia),Cataluña,España	parets-del-valles,barcelona-provincia,cataluna,espana	ES 26.02159/B EC,DANONE S.A.,GROUPE DANONE S.A.	es-26-02159-b-ec,danone-s-a,groupe-danone-s-a				Bebida de _soja_ 78,5 % (agua, habas de _soja_ 13,7%), azúcar, espesantes: fosfato de dialmidón hidroxipropilado (E-1442) y goma xantana (E-415), cacao desgrasado (2,1%), chocolate (2,0%) (cacao en polvo, pasta de cacao y azúcar), fosfato tricálcico (E-341iii), emulgente: glicéridos de ácidos grasos (E-471), sal y vitamina B12.						Soja	en:soybeans				100g	serving	492	kJ			3	g	1	g	17.6	g	15.2	g	1.1	g	3.5	g	0.127	g	0.0508	g			492	kJ	0.7	g	1.2	g					2.2	g							0.38	µg	120	mg								en:terrine-pot	en:plastic			en:box							https://www.alimentasonrisas.es/es/savia	en:sweets	en:sugary-snacks,en:sweets	4	en:4-ultra-processed-food-and-drink-products	b	1	b	76		20911	-5	-15	1	0	
8410500010638	es					Natillas de chocolate sin gluten		Danet chocolate x8								1000 g (125 g x8)		Plástico	en:plastic	Danone	danone	Lácteos, Postres, Postres lácteos, Postres de chocolate, Postres de cremas, Natillas chocolate, en:Refrigerated creamy puddings, en:Refrigerated chocolate creamy puddings	en:dairies,en:desserts,en:dairy-desserts,en:chocolate-desserts,en:creamy-puddings,en:chocolate-creamy-puddings,en:refrigerated-creamy-puddings,en:refrigerated-chocolate-creamy-puddings			Francia, España	en:france,en:spain			0																							100g	100g			121	kcal	3	g	1.8	g	19.9	g	17.5	g			3.2	g	0.13	g	0.052	g			121	kcal																													en:plastic											en:dairy-desserts	en:milk-and-dairy-products,en:dairy-desserts		unknown	c	4	b	68		39200	-5	-10	1	0	App - yuka, Apps
7791337001145	es					Chocolate & Cookies										116 g	115g	Plástico	en:plastic	Danette,Danone	danette,danone	Lácteos, Postres, Postres lácteos, Postres de chocolate, Postres lácteos con chocolate	en:dairies,en:desserts,en:dairy-desserts,en:chocolate-desserts,en:dairy-chocolate-desserts			Argentina	en:argentina			0		Argentina	en:argentina		Buenos Aires,Argentina	buenos-aires,argentina						Leche entera pasteurzada, azúcar, mix de galletitas con chips (chips de baño de reposteria con leche, harina de trigo, azúcar, azúcar impalpable, ole0margarina, huevo en polvo, leudante químico (INS 500ii), aromatizante), crema, almidón modificado, leche en polvo descremada,  cacao en polvo, almidón, colorante (INS 150d), estabilizantes (INS 451i, INS 407), aromatizante						Gluten	en:gluten	Frutos de cáscara, Maní, Nuez pecan	en:nuts,es:mani,es:nuez-pecan		serving	100g	895	kJ	214	kcal	7.3	g	3.7	g	33	g					4	g	233.68	mg	93.472	mg			895	kJ																													en:plastic											en:dairy-desserts	en:milk-and-dairy-products,en:dairy-desserts	4	en:4-ultra-processed-food-and-drink-products			unknown				-3	-10	1	0	App - Open Food Facts, Apps
7791337999756	es					Chocolate con crema										100 g	100g	Plástico, en:ps-polystyrene	en:plastic,en:ps-polystyrene	Danette,La Serenísima,Danone	danette,la-serenisima,danone	Lácteos, Postres, Postres lácteos, Postres de chocolate, Postres lácteos con chocolate	en:dairies,en:desserts,en:dairy-desserts,en:chocolate-desserts,en:dairy-chocolate-desserts			Argentina, Uruguay	en:argentina,en:uruguay			0		Argentina	en:argentina		Buenos Aires,Argentina	buenos-aires,argentina	RNE 02-030.090	rne-02-030-090				Leche parcialmente descremada pasteurizada, crema, azúcar, leche en polvo descremada, almidón modificado, cacao en polvo, estabilizantes (INS 407, INS 428, INS 451i), emulsionante (INS 472b), colorante (INS 150d), aromatizante						Leche	en:milk	Frutos de cáscara, Nuez Pecan	en:nuts,es:nuez-pecan		100g	100g	711	kJ	170	kcal	8.1	g	4.9	g	21	g			0.01	g	3.3	g	0.1925	mg	0.077	mg			711	kJ					0.3	mg													0.107	mg								en:unknown	en:ps-polystyrene											en:dairy-desserts	en:milk-and-dairy-products,en:dairy-desserts	4	en:4-ultra-processed-food-and-drink-products			unknown				-3	-10	1	0	App - Open Food Facts, Apps
7791337304017	es				Serenito	Serenito con Rocklets							Postre sabor a vainilla fortificado con zinc y vitaminas A, D y B9 con confites de chocolate con leche para mezclar			120 g	1 pote 120 g	Plástico	en:plastic	Serenito,La Serenísima,Danone	serenito,la-serenisima,danone	Lácteos, Postres, Postres lácteos	en:dairies,en:desserts,en:dairy-desserts			Argentina	en:argentina			0		Argentina	en:argentina		Argentina	argentina					"Uruguay: Postre sabor
Uruquay, Postre sabdl
0232m34r ugortvdb or FortWosis bA suia 10i km 24.400 Canelon
mezdar Importado por Fori-Masis SA Ruta 0i km 24.400, Lanelones
M SRA 19271/321 SAC: 0800 8003. Ingr.: Leche entera pasteurizada, contites de chocolate con leche (emulsionantes (INS322 N
476), estabilizante INS 414), glaceantes INS 904, INS 903), colorantes (INS 171, INS 132, INS 110, INS 102, INS 133, INS 129
aromatizantej)l, ozucor, gimidon modificado, leche en polvo descremada, fibra alimentaria, crema, almidon, gluconafo de zind
citominos A acido tolico y D, aromatizantes, estabilizantes (INS 451 i, INS 407), coloraste natural INS 160 b, INS 120
ra mezciar. Im
29)
CONTIENE:
N LECHE Y DERIVADOS DE SOJA. PUEDE CONTENER: DERIVADOS DE TRIGO, ALMENDRA, AVELLANA
CY PISTACHO. INFORMACION NUTRICIONAL: Porcion 120g (1 pote). Valor energeco: 194kalNA
i Grasas totale : 5 8 g: Grasas saturadas 3,6 gi Fibra alimentaria: 0,7 di
(13%
R&quot;
811
as AA
Ri Calcio: 135 mq ( 1%ndio"	leche entera, confites de chocolate, azúcar, almidón modificado, fibra alimentaria, almidón, zinc, vitamina A, ácido fólico, vitamina D, armoas, estabilizantes (INS 451i, INS 407), colorante rocú, colorante carmín						Leche, Soja	en:milk,en:soybeans	Huevos, Gluten, Frutos de cáscara, Maní, Nuez Pecan	en:eggs,en:gluten,en:nuts,es:mani,es:nuez-pecan		serving	100g	811	kJ	194	kcal	5.8	g	3.6	g					0.7	g	4.4	g	287.5	mg	115	mg			811	kJ					0	g					184	µg	1.3	µg	43	µg			135	mg			1.3	mg					en:plastic											en:dairy-desserts	en:milk-and-dairy-products,en:dairy-desserts	4	en:4-ultra-processed-food-and-drink-products			unknown				-3	-10	1	0	
3033490906283	en			Danette chocolade	Danette Chocolate			Danette Chocolat	Danette Chocolate							500 g e (4 * 125 g)	125g	Plastic, Pot, Fresh	en:plastic,en:pot,en:fresh	Danone,Danette	danone,danette	Dairies, Desserts, Dairy desserts, Chocolate desserts, Creamy puddings, Chocolate creamy puddings, Refrigerated creamy puddings, Refrigerated chocolate creamy puddings	en:dairies,en:desserts,en:dairy-desserts,en:chocolate-desserts,en:creamy-puddings,en:chocolate-creamy-puddings,en:refrigerated-creamy-puddings,en:refrigerated-chocolate-creamy-puddings	Green Dot	en:green-dot	Belgium, France, Switzerland	en:belgium,en:france,en:switzerland	Magasins U, Delhaize	magasins-u,delhaize	0							FR 38.408.002 EC,FR 59.043.030 EC	fr-38-408-002-ec,fr-59-043-030-ec		Magermilch (77,6%), Zucker, Sahne (Milch), Schokolade (2,2%) (Zucker, Kakaomasse, mageres Kakaopulver, Emulgator (Sojalecithin), Aroma), mageres Kakaopulver, Verdickungsmittel ( E1442, E407), Molkepermeat - (Molkepulver) Stärke.	semi-skimmed milk (77,6%), sugar, cream (milk), chocolate (2,2%) (sugar, cocoa mass, lean cocoa powder, emulsifier (soy lecithin), flavoring), lean cocoa powder, thickeners ( e1442, e407), whey permeate (whey) powder, starch,			_Lait_ demi-écrémé (77.6 %), sucre, crème (_lait_), chocolat (2.2 %) (sucre, pâte de cacao, cacao maigre en poudre, émulsifiant (lécithine de _soja_), arôme), cacao maigre en poudre, épaississants (E1442, E407), perméat de petit lait (_lactosérum_) en poudre, amidon.	latte parzialmente scremato (77,6%), zucchero, panna (latte), cioccolato (2,2%) (zucchero, massa di cacao, polvere di cacao magro, emulsionante (lecitina di soia), aroma), polvere di cacao magro, addensanti ( E1442, E407), siero di siero di latte (siero di latte) in polvere, amido.			Milk, Soybeans	en:milk,en:soybeans				100g	100g	520	kJ			3	g	2	g	20.1	g	17.5	g	0	g	3.4	g	0.18	g	0.072	g			520	kJ																												en:pot	en:plastic											en:dairy-desserts	en:milk-and-dairy-products,en:dairy-desserts	4	en:4-ultra-processed-food-and-drink-products	c	3	b	68		39200	-5	-10	1	0	Database - FoodRepo / openfood.ch, Databases, App - yuka, Apps, App - InFood
7791337003293	es					Danette chocolate cookies														Danone	danone					España	en:spain			0																							100g	100g																																																																						unknown		1		-5	-15	1	0	App - El CoCo, Apps
8410500007089	es					Crema de chocolate negro ,m.g. sin gluten		Vitalinea Crema  de Chocolate												Danone	danone	Lácteos, Postres, Postres lácteos, Postres de chocolate, Postres de cremas, Natillas chocolate, en:Refrigerated creamy puddings, en:Refrigerated chocolate creamy puddings	en:dairies,en:desserts,en:dairy-desserts,en:chocolate-desserts,en:creamy-puddings,en:chocolate-creamy-puddings,en:refrigerated-creamy-puddings,en:refrigerated-chocolate-creamy-puddings			España	en:spain			0											skimmed milk, concentrated or powdered skimmed milk, sugar (5.3%), lean cocoa powder (2.8%), thickeners (e1442, e407), chocolate (2%) (sugar, cocoa paste, lean cocoa powder, emulsifier: soy lecithin, flavouring), dairy solids, starch and sweeteners (acesulfame k, sucralose),	Leche desnatada, leche desnatada concentrada o en polvo, azúcar (5,3%), cacao magro en polvo (2,8%), espesantes (E1442, E407), chocolate (2%) (azúcar, pasta de cacao, cacao magro en polvo, emulsionante: lecitina de soja, aroma), sólidos lácteos, almidón y edulcorantes (acesulfamo K, sucralosa),						Leche	en:milk				100g	100g			86	kcal	0.9	g	0.6	g	15	g	12.1	g			3.8	g	0.22	g	0.088	g			86	kcal																			120	mg																				en:dairy-desserts	en:milk-and-dairy-products,en:dairy-desserts	4	en:4-ultra-processed-food-and-drink-products	b	1	b	63	1	39200	-5	-15	1	0	App - yuka, Apps, App - InFood
3033491601903	fr							Danette bio chocolat								380 g				Danone	danone	Produits laitiers, Desserts, Desserts lactés, Desserts au chocolat, Crèmes dessert, Crèmes dessert chocolat, Crèmes dessert rayon frais, Crèmes dessert chocolat réfrigérées	en:dairies,en:desserts,en:dairy-desserts,en:chocolate-desserts,en:creamy-puddings,en:chocolate-creamy-puddings,en:refrigerated-creamy-puddings,en:refrigerated-chocolate-creamy-puddings	Bio, Bio européen, FR-BIO-01, Nutriscore, Nutriscore C, AB Agriculture Biologique	en:organic,en:eu-organic,en:fr-bio-01,en:nutriscore,en:nutriscore-grade-c,fr:ab-agriculture-biologique	France	en:france			0					France	france	FR 59.043.030 CE	fr-59-043-030-ec			lalt&quot;semi cream, chocolate powder&quot; (10.9%) (cane sugar&quot;, cocoa powder&quot; (3.5%), cane sugar, &quot;maize starch&quot;, cream&quot; (lal), thickener (fruit pectin), acidity corrector (sodium citrate), &quot;from organic lagriculture, milk: origin france (4:95g), 380ge o			Lalt&quot; demi écreme, chocolat en poudre&quot; (10,9%) (sucre de canne&quot;, cacao en poudre&quot; (3,5%), Sucre de canne, amidon de mais&quot;, crème&quot; (lal), épaississant (pectine de fruit), correcteur d'acidité (citrate de sodium), &quot;issu de lagriculture biologique, Lait: Origine France (4:95g), 380ge O				Lait	en:milk				100g	100g			114	kcal	3	g	2	g	17.7	g	15	g			3.4	g	0.21	g	0.084	g			114	kcal																																								en:dairy-desserts	en:milk-and-dairy-products,en:dairy-desserts	4	en:4-ultra-processed-food-and-drink-products	c	3	b	78	1	39200	-5	-15	1	15	App - yuka, Apps, App - InFood
8410500026936	es					Yogur griego con chocolate										220 g				Danone	danone					España	en:spain			0																							100g	100g			157	kcal	8.4	g	5.3	g	17.2	g	15.9	g			3	g	0.11	g	0.044	g			157	kcal																																														unknown		1		-5	-15	1	0	App - yuka, Apps, App - El CoCo
0056800911909	en				Danette chocolat noir											4*100 g	100g			Danone	danone	Dairies, Desserts, Dairy desserts, Chocolate desserts, Creamy puddings, Chocolate creamy puddings, Refrigerated creamy puddings, Refrigerated chocolate creamy puddings	en:dairies,en:desserts,en:dairy-desserts,en:chocolate-desserts,en:creamy-puddings,en:chocolate-creamy-puddings,en:refrigerated-creamy-puddings,en:refrigerated-chocolate-creamy-puddings	Natural flavors	en:natural-flavors	Canada	en:canada	Metro	metro	0					Boucherville	boucherville					"LAITÉCRÉMÉ, SUCRE, CREME, POUDRE DE CACAO, AMIDON DE MAIS MODIFIÉ, AMIDON DE MAIS, GOMME XANTHANE, MONO ET DIGLYCERIDES, POUDRE DE LAIT ÉCRÉMÉ, CACAO, AROME NATUREL, VITAMINE D3. FAITÀ PARTIR DE LAIT ÉCRÉMÉ ENRICHI DE VITAMINE D."							Milk	en:milk				100g	100g			110	kcal	3	g	2	g	17	g	15	g	1	g	4	g	0.085	g	0.034	g			110	kcal																																								en:dairy-desserts	en:milk-and-dairy-products,en:dairy-desserts		unknown	b	2	b	63	1	39200	-5	-15	1	0	App - yuka, Apps
7506443101432	es					Danonino lechita con cocoa							Leche con chocolate							Danonino,Danone	danonino,danone	Bebidas, Lácteos, Bebida lácteas, Leches aromatizadas, Leches de chocolate	en:beverages,en:dairies,en:dairy-drinks,en:flavoured-milks,en:chocolate-milks			México	en:mexico			0																							100g	100g																																																																en:milk-and-yogurt	en:milk-and-dairy-products,en:milk-and-yogurt		unknown			d	29	1	19122	-5	-15	1	0	
8410500025892	es					Fondat chocolate														danone	danone					España	en:spain			0																							100g	100g			85	kcal	0.69999998807907	g	0.20000000298023	g	13.60000038147	g	12.5	g			4.4000000953674	g	0.18000000715256	g	0.072000002861024	g			85	kcal																																											unknown			unknown		1		-5	-15	1	0	App - yuka, Apps
8410500025052	fr							Leche desnatada UHT, aromatizada con sabor a chocolate.								330 ml				danone	danone					Espagne, França	en:spain,fr:franca			0							DE HE-001 EG	de-he-001-ec															100g	100g			53	kcal	0.2	g	0.1	g	5	g	4.8	g			7.6	g	0.2	g	0.08	g			53	kcal																																											unknown			unknown		1		-5	-15	1	0	App - yuka, Apps
7791337053175	es					"Chocolate Águila"										95 g	95 g			"Danette,Danone,Águila"	danette,danone,aguila	Lácteos, Postres, Postres lácteos, Postres de chocolate, Postres lácteos con chocolate	en:dairies,en:desserts,en:dairy-desserts,en:chocolate-desserts,en:dairy-chocolate-desserts	Sin gluten, Edición limitada, Sin TACC	en:no-gluten,en:limited-edition,es:sin-tacc	Argentina	en:argentina			0		Argentina	en:argentina		Longchamps,Buenos Aires,Argentina	longchamps,buenos-aires,argentina						Leche entera, azúcar, crema, cacao, almidón modificado, leche en polvo descremada, almidón, colorantes (caramelo, carmín), estabilizantes (INS 451i, INS 407, INS 331ii), aromas						Leche	en:milk	Frutos de cáscara	en:nuts		serving	100g	523	kJ	125	kcal	4.3	g	2.6	g	18	g			0.8	g	3.5	g	370	mg	148	mg			523	kJ					0	g													112	mg																				en:dairy-desserts	en:milk-and-dairy-products,en:dairy-desserts	4	en:4-ultra-processed-food-and-drink-products			unknown		1		-3	-15	1	0	
5410146419904	fr							Oikos stracciatella												Danone,Oikos	danone,oikos	"Produits laitiers, Produits fermentés, Desserts, Produits laitiers fermentés, Desserts lactés, Desserts lactés fermentés, Yaourts, Yaourts aux copeaux de chocolat, Yaourts au lait de vache, Yaourts à la grecque"	en:dairies,en:fermented-foods,en:desserts,en:fermented-milk-products,en:dairy-desserts,en:fermented-dairy-desserts,en:yogurts,en:chocolate-chunks-yogurts,en:cow-milk-yogurts,en:greek-style-yogurts	Point Vert, Nutriscore, Nutriscore D	en:green-dot,en:nutriscore,en:nutriscore-grade-d	Belgique	en:belgium			0							ES 15.00783/B EC	es-15-00783-b-ec						"Yaourt entier (lait), sucre (13,5%), copeaux de chocolat (2%) (pâte de cacao, beurre de cacao, sucre), épaississants (amidon modifié de maïs, pectine, gomme guar), arôme, correcteurs d'acidité (acide citrique, citrate de calcium, citrate de sodium). Peut contenir : céréales contenant du gluten, fruits à coque et oeuf."		Volle yoghurt (melk), suiker (13,5%), chocoladevlokjes (2%) (cacaomassa, cacaoboter, suiker), verdikkingsmíddelen (gemodificeerd maïszetmeel, pectine, guargom), aroma, zuurteregelaars (citroenzuur, calciumcitraat, natriumcitraat). Kan bevatten: glutenbevattende granen, noten en ei.		Lait	en:milk	"Œufs, Gluten, Fruits à coque"	en:eggs,en:gluten,en:nuts		100g	100g	719	kJ	172	kcal	10	g	6.3	g	17.5	g	17.2	g	0.15	g	2.9	g	0.1	g	0.04	g			719	kJ																																								en:milk-and-yogurt	en:milk-and-dairy-products,en:milk-and-yogurt	4	en:4-ultra-processed-food-and-drink-products	d	11	c	43	1	19580	-5	-15	1	0	App - yuka, Apps
84105417	es					La copa chocolate con nata														Danone	danone	Lácteos, Postres, Postres lácteos, Postres de chocolate, Postres lácteos con chocolate	en:dairies,en:desserts,en:dairy-desserts,en:chocolate-desserts,en:dairy-chocolate-desserts			España	en:spain			0																							100g	100g			148	kcal	7.4000000953674	g	5.3000001907349	g	16.60000038147	g	13.699999809265	g			3.5	g	0.10000000149012	g	0.040000000596048	g			148	kcal																																								en:dairy-desserts	en:milk-and-dairy-products,en:dairy-desserts		unknown	c	7	unknown		1		-5	-15	1	0	App - yuka, Apps, App - elcoco, App - El CoCo
8410500021825	es	OIKOS Stracciatella x2				Oikos stracciatella		OIKOS Stracciatella x2								220 g (110 g x 2)				Danone	danone	Lácteos, Comidas fermentadas, Postres, Productos fermentados de la leche, Postres lácteos, en:Fermented dairy desserts, Yogures, Yogures con trozos de chocolate, Yogures estilo griego	en:dairies,en:fermented-foods,en:desserts,en:fermented-milk-products,en:dairy-desserts,en:fermented-dairy-desserts,en:yogurts,en:chocolate-chunks-yogurts,en:greek-style-yogurts			España	en:spain			0																							100g	100g			171	kcal	10	g	6.3	g	17	g	16.7	g			3.2	g	0.1	g	0.04	g			171	kcal																																								en:milk-and-yogurt	en:milk-and-dairy-products,en:milk-and-yogurt		unknown	d	11	c	43	1	19580	-5	-15	1	0	App - elcoco, App - yuka, Apps, App - El CoCo
8410500018535	es					Vitalinea mousse de chocolate		Vitalinea Mousse Chocolat								240g	60g			Danone	danone	Lácteos, Postres, Postres lácteos, Postres de chocolate, Mousses de chocolate	en:dairies,en:desserts,en:dairy-desserts,en:chocolate-desserts,en:chocolate-mousses			Francia, España	en:france,en:spain			0												_Leche_ desnatada reconstituida,  azúcar, cacao desgrasado, chocolate 3,3% (pasta de cacao, azúcar, emulgente (lecitina de _soja_) y aroma), _leche_ en polvo desnatada,  gelatina, emulgente (E472b, E471) y espesantes (almidón modificado de maíz , goma guar, goma de tara y harina de albarroba).						Leche, Soja	en:milk,en:soybeans				100g	100g			124	kcal	1.9	g	1.4	g	20.8	g	19.7	g			5.1	g	0.2	g	0.08	g			124	kcal																																								en:dairy-desserts	en:milk-and-dairy-products,en:dairy-desserts	4	en:4-ultra-processed-food-and-drink-products	c	3	d	22	1	39206	-5	-15	1	0	App - yuka, Apps, App - El CoCo
8410500025861	es					Panna cotta de chocolate														danone	danone					España	en:spain			0																							100g	100g			166	kcal	9.1	g	5.7	g	18	g	16	g			3	g	0.11	g	0.044	g			166	kcal																																											unknown			unknown		1		-5	-15	1	0	App - yuka, Apps
8410500025175	es					Savia chocolate y avellanas														Danone	danone					España	en:spain			0																							100g	100g			332	kcal	24	g	16	g	25	g	21	g			2.9000000953674	g							332	kcal																																											unknown			unknown		1		-5	-15	1	0	App - yuka, Apps
8410500021016	es					Natillas chocolate														Danone	danone	Lácteos, Postres, Postres lácteos, Postres de chocolate, Postres de cremas, Natillas chocolate, en:Refrigerated creamy puddings, en:Refrigerated chocolate creamy puddings	en:dairies,en:desserts,en:dairy-desserts,en:chocolate-desserts,en:creamy-puddings,en:chocolate-creamy-puddings,en:refrigerated-creamy-puddings,en:refrigerated-chocolate-creamy-puddings			España	en:spain			0																							100g	100g			121	kcal	3.5	g	2.1	g	18.3	g	16	g			3.9	g	0.1	g	0.04	g			121	kcal																																								en:dairy-desserts	en:milk-and-dairy-products,en:dairy-desserts		unknown	c	4	b	63	1	39200	-5	-15	1	0	App - yuka, Apps
3033491534546	fr							Danette et fruit sur coulis de cerise												Danone	danone	Produits laitiers, Desserts, Desserts lactés, Desserts au chocolat, Crèmes dessert, Crèmes dessert chocolat, Crèmes dessert rayon frais, Crèmes dessert chocolat réfrigérées	en:dairies,en:desserts,en:dairy-desserts,en:chocolate-desserts,en:creamy-puddings,en:chocolate-creamy-puddings,en:refrigerated-creamy-puddings,en:refrigerated-chocolate-creamy-puddings	Nutriscore, Nutriscore C	en:nutriscore,en:nutriscore-grade-c	France	en:france			0														lait demi-écrémé (63,6%), SUcre, cerises (5,9%), eau, crème (lait), copeaux de chocolat (pâte de cacao, beurre de cacao, sucre) (2,16%), chocolat (sucre, pâte de cacao, cacao maigre en poudre, émulsifiant : lécithine de soja: vanilline) (1,8%), cacao maigre, épaississant (amidon transformé de mais, pectine, gomme de guar, carraghénane), perméat de petit lait (lactosérum) en poudre, amidon de mais, concentré de carottes, correcteurs d'acidité (acide citrique, citrate de sodium, citrate de calcium), arôme				Lait	en:milk				100g	100g			137	kcal	4.1	g	2.6	g	21.6	g	19.1	g			2.9	g	0.12	g	0.048	g			137	kcal																																								en:dairy-desserts	en:milk-and-dairy-products,en:dairy-desserts	4	en:4-ultra-processed-food-and-drink-products	c	6	b	63	1	39200	-5	-15	1	0	App - yuka, Apps
8410500022037	fr							Mousse chocolate con leche												Danone	danone					France	en:france			0																							100g	100g			179	kcal	6.3		3.4		24.8		23.1				5.3		0.05		0.02	g			179	kcal																																											unknown			unknown		1		-5	-15	1	0	App - yuka, Apps
8410500015909	fr							Danone Vitalinea Fondant De Chocolate								400 g				Danone	danone			Sans gluten	en:no-gluten	France	en:france			0														"POSTRE LÂCTEO AL CHOCOLATE CON AZUcar Y EDULCORANTES , emulina, amidon de maiz, acesulfamo k, lait en poudre, chocolat en poudre 3%"				Lait	en:milk				100g	100g			91	kcal	0.7		0.4		15.6		12.4				4.3		0.2		0.08	g			91	kcal																																										4	en:4-ultra-processed-food-and-drink-products			unknown		1		-5	-15	1	0	App - yuka, Apps
